"","tickers","PC1","PC2","PC3","PC4","PC5","PC6","PC7","PC8","PC9","PC10","PC11","PC12","PC13","PC14","PC15","PC16","PC18","PC20","PC21","PC24","PC26","PC37","PC44","PC25","PC30","PC47","PC36","PC33","PC29","PC22","PC19","PC71","PC49","PC61","PC57","PC161","PC63","PC170","PC41","PC72","PC23","PC28","PC58","PC52","PC78","PC145","PC169","PC81","PC165","PC53","PC68","PC149","PC120","PC164","PC128","PC91","PC66","PC142","PC157","PC48","PC152","PC60","PC46","PC98","PC135","PC74","PC159","PC162","PC38","PC70","PC65","PC150","PC139","PC62","PC163","PC158","PC131","PC143","PC97","PC144","PC56","PC90","PC32","PC156","PC35","PC39","PC153","PC146","PC84","PC94","PC154","PC64","PC93","PC76","PC155","PC129","PC27","PC75","PC17","PC133","PC82","PC42","PC137","PC167","PC88","PC147","PC79","PC34","PC136","PC89","PC95","PC103","PC67","PC114","PC134","PC116","PC105","PC148","PC102","PC122","PC124","PC127","PC126","PC130","PC132","PC86","PC96","PC111","PC92","PC118","PC77","PC110","PC40","PC106","PC43","PC101","PC119","PC50","PC117","PC123","PC55","PC85","PC99","PC104","PC171","PC112","PC108","PC125","prediction"
"1","CSCO",-10.5529634357732,-0.723102450106372,-1.97274332667886,7.27894533343671,9.30898458793331,-3.19480815303833,0.376594987320629,-1.37710391160692,1.06651568365469,-5.44699177183057,-2.48437642160643,1.46021647002896,-5.42671517146588,3.87001196921963,-2.95325796950398,-1.71749739818797,1.20935034386762,2.61792005426225,2.95417571024835,-6.16837734732547,-2.12521612481737,-0.19703113372863,-0.972127830082098,-1.47732569309462,0.712213918332981,1.7971861058917,1.1412628487324,0.437349914940111,4.31055326911276,0.73552930566788,-0.336594782356035,-0.141495086585541,-1.94707071560556,-1.6326694546464,0.00478342304427832,0.0826545137673305,-0.834137477271015,0.393684173899769,-1.8684563443929,0.063412116562857,-0.324946112340812,2.95269083853098,-1.15620115983388,-0.53158696848048,-0.597752694158452,0.45539110200244,-1.09555092868919,0.0684610879206542,0.384751718940578,-0.60799424625981,-1.71524022914623,0.536832381860301,0.0627687393200329,0.301282327774826,-0.126941060212123,-0.1330169716486,0.874470322406983,-0.305378963952586,0.767626579273203,1.61107126354631,0.180897318052139,0.687528865055477,0.750578020477673,-0.00479996866463255,0.222442880349622,-0.0240610111761336,0.594395735965606,-0.675674261871678,0.320733215829936,0.94530070893003,0.764427430192672,0.422777529783198,-0.640676507596837,1.605393363074,0.90792910619167,-0.490504800927055,-0.0693459976630411,-0.382008132794388,0.146093254962893,-0.167415724075906,-0.480762265662847,0.0951709029761151,4.8692477725934,-0.0243945428012191,3.06834173705393,-0.0155332133583763,-0.0313962972737874,0.196747031884177,0.00101708133148224,0.381587389713749,1.10975916882813,-0.913216503107146,-0.78473642561362,-0.344621187310976,-0.729468600816561,-0.185742859577778,-4.61699885501254,0.0654991119250111,-2.14892980599357,0.0463411291181054,-0.0707278464275465,-1.46598152936325,-1.01145888500115,-0.284916646193728,-0.523071952281391,-1.03539082661052,-0.279797844034789,2.04282423794805,-0.373361267088843,0.542814093173087,0.121382977869361,-0.145086661995271,-0.490040414785964,0.142992052342224,-0.565327263340421,0.183672106919834,-0.00684420728707876,0.60568638424476,0.338566690088112,-0.25121154541862,-0.278599278420721,-0.817125688459907,0.0750022995025062,-0.939101251641627,0.0854653370186204,-0.238560743069508,0.00486057867682335,0.169295815601537,-0.559872197149082,-0.080559114457034,-0.990768138591462,-0.20160168538087,-3.3825794650119,0.177621142657589,-3.5086918060131,-0.46864160212471,0.419005466336672,0.42258038829809,-0.452532734647679,0.169502146797256,-0.517605141227109,-0.0641833288624675,-0.395850070085027,0.0094768410839177,1.02264431536364,0.225565904110318,-0.122748330528362,-0.269164165534044,41.4104803474595
"2","XOM",-2.55729617384326,-2.2322822402764,-6.45071408541189,-4.66919329848433,3.45854498875349,-1.77125047778375,2.28123277619273,-8.60722192534868,-0.848871825616352,0.819594059793856,1.31298360726807,0.499711482027702,-0.222898746160344,-1.42121447044706,-2.6642940856353,-3.43004070015484,-0.119400260553489,0.912896076034673,6.64003761318301,-2.51842104121709,3.12370010877997,-1.11576327965989,0.226368369422484,0.202050351929985,1.92475397504779,4.58038024922697,-1.16510539219058,-0.0969497337687488,-1.86199817099524,-0.720639565103364,-0.503024435994853,0.747142732713098,0.544852987139175,-0.126509544803354,-0.202627054640744,0.666863914894851,-0.816085343802094,0.540490447667702,-0.142099133494471,0.261938843329697,-4.69832333194616,4.99814469345545,-1.54454548115762,-1.71881583466934,0.740000052852041,-0.140686744491603,-0.884408571473474,-0.169698009015099,1.13405605039915,1.12972791906843,-0.412140137539775,1.18693258894668,0.342419808303042,-0.247080901296463,0.564729290144406,-0.238725103901904,0.947844393438646,0.660276493449281,0.40187779144957,-0.228301502345504,0.220743511358548,1.66600415763255,1.30258859446339,0.0924643137814186,-0.212285882808598,0.711379887628561,0.107648898240463,-1.72289908652572,-0.416027930896657,-0.480392083452299,-0.233726319401002,-0.105338584213448,1.19330059952737,0.0436810205942091,-0.166655308441453,0.3595809584848,-0.00901288702600669,0.0305282796933903,-0.188601253240807,1.34877632488151,-0.00514730531353571,-0.0963061184578833,0.395602206353196,0.180879450661179,2.39303127508602,1.66322165663941,-0.769520867932172,-0.646596550852432,0.130490274751024,-0.106066808463249,1.03397792797274,-0.594960105084204,-0.0639922755787018,0.337472893625492,-0.994050219712445,0.259408157577481,0.0319056730988971,0.0228871077020984,-3.89796635568402,0.719823885286488,-0.779049777436939,-1.07830565673562,-0.41431097934225,-0.518418413783727,-0.650597754811611,-0.81239020779501,-0.861902211447917,0.680438355134972,-0.179404689706173,0.147353953481239,0.0590777672813355,-0.195163698194804,0.604053318764307,0.00673462927897043,-1.53767353521909,-0.433049862624939,-0.128441732547235,0.598645802398654,-0.00272699816468787,-0.490931091753127,-0.11357481003171,-0.0301177997618291,-0.23669812350581,-0.50238094594942,-0.0540770802797765,-0.319535727797315,-0.133441803022739,0.231112476914926,0.176541238822094,-0.0116027025641444,-0.235859421702161,-0.0121569391273573,-0.469885066675536,0.285976482089031,-0.273785363954014,-0.0929979773850149,-0.10269063306183,0.209774484101527,-0.273564789414016,-0.396618733609683,0.00337351390716153,0.232657663344036,-0.105425562299008,-0.059230861974458,0.290538402285221,0.187186006906551,-0.0123135285233226,-0.19849247310817,47.4411211250578
"3","DIS",0.6307402842489,-4.002490751247,0.82037696590508,6.93007865297732,0.0238974273925991,-3.57414820770109,1.70129021064531,0.31525599972592,2.20749944998831,1.32024719515192,-2.17110368337437,-0.199012401312537,-2.34671724344009,-1.21754538577251,-3.86074146769304,0.0114752533701456,-0.0294711598806395,0.806179660483444,-0.377942953054488,0.731323901399875,0.171435981205086,-0.216525349100466,0.026077562369547,1.05330246739543,0.88136929038707,-0.0766860478420019,0.0525269045795499,-1.98707884102033,-0.922046259446103,-0.199756455142134,1.01497437265128,0.0353101138104548,0.654136145735175,0.130793142265942,-0.212279131290947,0.155395680274677,-0.0887636559439358,0.0966024800036644,-0.0934811464381459,0.334302944759556,-1.48032862787137,0.21858798461968,-0.298370809444487,0.088921158721143,0.241668435209514,-0.170465151474084,-0.828997258384072,0.339211460813827,0.649070479269811,0.297325146888025,-0.244727734878319,0.1772517381264,0.345697192245093,0.35067749786743,-0.4894285837361,-0.213446720975683,0.54278350767531,0.332457633469151,-0.00178882943261592,0.317284719266769,-0.476549176184571,0.714968297461984,-0.789098869515146,-0.169786100901886,0.593928010381567,-0.278750773049971,-0.340792268229053,0.117849991627625,0.679108157361232,-0.682976656088272,0.150035744976134,-0.0139051676278961,-0.137848173298352,0.683535981085184,-0.156456560411937,0.375282463219496,-0.165826282829331,-0.567109261569298,0.0475871472397075,-0.496318592798793,-0.242167515039314,-0.0877788462383554,-0.323218283095269,0.0362682575221642,0.696415662247987,-0.277329553306966,-0.0750210171931335,-0.182919591325426,0.020626832493729,0.260354615620401,0.364870249886646,-1.07871899713536,0.232136185464717,-0.109915482513158,0.382529009991503,-0.329914441109085,1.75392406456246,0.0959798169743437,-1.41816316612865,-0.243901029705087,-0.571471700939446,-0.102536872310056,-0.264038088541964,-0.491545176262047,-0.241949224174651,0.54453263726006,-0.22834658277492,-0.547540556419128,0.416444511628189,0.137177421057001,0.0370172109239322,0.0392954251359298,0.109810060030742,-0.0284389004687863,-0.269131383800635,0.275203179044826,0.0622876868298877,0.590983344281961,0.256741925237292,0.0616806666262949,-0.257804324967181,0.0744415516408109,0.0597741411493844,-0.146510505955848,-0.0717392383847431,0.0841711552948161,0.525707591025329,-0.155284945162927,0.174459820225232,0.0515663615494386,0.101331498865128,-0.0861861226304416,-0.0794725601137191,-0.0227957371520944,-1.72595694100018,-0.233158351686811,-0.0935601253891689,-0.645037840188012,-0.04311018221236,-0.378890119756271,-0.0697730903808922,0.198744793603238,-0.067405068343341,0.0582778205937935,0.366651258465647,-0.0848256289991347,-0.024005413844109,-0.162354912124794,131.824887546797
"4","IBM",-0.679476172253552,-2.45818050104724,-2.8622959141949,1.26073310413686,1.69785337740585,-1.5218894455317,1.93659763733282,-3.46936854326404,1.33348860355452,2.98591064092167,0.400235408812947,0.851886571627223,-1.35918527514317,-0.730710097008507,-2.61896851597907,-1.40618031750624,-0.124998982006187,-0.686011072618321,1.96683411546547,-1.067749035889,0.827290074362139,-1.20287020615864,-0.795332988780271,0.450663328985902,1.94475752200324,2.72314167486351,-2.08788418586104,-1.63407055656387,-1.27673003696933,-0.5731624880189,0.379468090232118,-0.209964086559125,-0.962169561322147,0.246834838150804,1.05498127124784,0.407955240487245,-0.676760646396647,1.79931849311717,1.30572036576768,-0.453515863237478,-2.88412859616528,1.09373103159297,-1.00740096924025,-0.314463982601458,0.00883561281696892,0.0320826576688043,-0.143804309588296,0.451502705421362,0.442489764655169,1.00800175917846,-0.548985231616253,0.710817991951798,-0.136722473519308,0.300316873410982,-0.0267205838939288,-0.242029007839422,0.046040433538596,-0.134768995171684,-0.343136038725449,0.607422201128408,-0.354335383557818,-0.0369432572755363,-0.733433617993718,-0.0408614708626489,0.387578017734746,-0.681071941005977,0.368361960821135,-1.46406777546729,-0.281666479635451,-0.863170118334002,-0.906789943636716,0.479568657261793,0.98480045885993,-0.123770283465204,-0.712449374649611,0.379582541239188,0.280207782379231,-0.364167304652925,-0.100729803491108,0.598162099332231,-1.43501687859576,0.0358986517620539,-0.755865855604053,0.206571297519307,0.718067662312076,1.37900390596607,0.236885076701181,0.768637148981245,-0.320577904348575,-0.250993332586502,-0.223335424552615,-0.657375563893284,-0.138109768517793,0.785979993443514,0.174485743809894,0.025470841515648,-1.29510892704116,0.204809312894822,-1.79868275238495,0.14144235831632,0.429127992868912,-0.63179058580725,-0.435217640647593,0.0638685741582282,0.0984627768180635,-0.754939092466746,0.213811717433582,0.580915625606896,-0.711927689058739,0.539760309420557,-0.111834081516784,-0.0555466559304136,0.663210883782427,0.0623268619242298,-0.839941782604553,-0.201387161988697,-0.081542618033295,-0.735114354754809,-0.0107027700239124,0.33714354036045,-0.188243111302487,-0.236772918430248,0.156173210248225,0.127013514849197,-0.144973281947618,-0.373503117273452,-0.179035769478191,0.168818905689896,-0.297683027577305,-0.0045944306170951,-0.159063355956248,0.0695045532313122,0.0325856968708935,0.0579843783663457,-0.424089940216431,-0.0980338987777754,-0.433333623271447,-0.125345262637475,0.154673804271191,0.0761541059114943,-0.618209695183419,0.0947730740424309,0.0528251067480855,0.0748064525905672,0.658004610895704,-0.146408763645796,-0.00486109924167407,0.357069745856097,125.403754023953
"5","CVX",-1.45589478279293,-1.94306050576587,-4.24324392967507,-4.52751891460935,2.70787872305147,-2.6715382007976,1.53580789241652,-6.54319418652613,0.886264314710243,2.69107406748021,1.65418344593837,1.03256155251412,-0.172185902464017,-0.48753882426217,-2.02208878640623,-2.16685802429906,-0.201516886131796,0.62141539313498,4.23771800986927,0.26548516570147,3.2195713014568,-0.759429723771077,-0.418444109361272,1.37667845193521,2.4660268314108,3.41093724552623,-0.316354421275284,-0.198388552191231,-3.47311730181526,-0.61599001990286,-0.101475052576251,0.321978509097303,0.200048415950344,0.372468439144544,0.832042005875648,0.424285836113886,-0.956513961030055,0.663169932658063,-1.1149733046697,-0.531643257022599,-3.72966455411812,2.7247704297683,-1.39273539229494,-1.4170533427918,0.190069431227002,0.248570037571849,-0.485940548193309,-0.183289725476106,0.871149667979566,1.18025369586299,-0.421544270645517,0.427497293128785,-0.0808616374625726,-0.358329053964058,0.280174856368079,-0.160609095119035,-0.0434102985613834,0.656653693437727,-0.849311760531312,-0.263711092828888,0.276258206042928,0.851564577184929,-0.169914043538571,-0.0206156653481776,0.22899093560864,-0.118434491461672,-0.253525284208646,-1.82315476010337,-0.563823836058347,-0.246306292744669,-1.05969033477476,-0.559676443800037,0.949290368661163,-0.851679125174228,0.00519398174588876,0.378481386138667,0.259082328114567,-0.61626526998274,-0.313912055388856,0.85497149006835,-0.488699991867802,0.332899862903072,-0.0141738742710439,0.0388792639526194,0.330336758524069,1.6137128514734,-0.470892172859133,-0.118508527246011,0.191348514309759,-0.184597327970817,0.79379486224908,0.523510651921181,-0.140281863314347,-0.0460702660685155,-0.538045130387061,0.388946148125283,1.46879711998827,0.0163883905648543,-2.79693671518182,0.102987376621811,-0.434296658848662,-1.00860846831008,-0.321467342980661,-0.73833612702547,-0.404235352220894,-1.63897853262199,-0.350845900147929,-0.550953658939202,-0.48393376246894,0.163533194111622,0.12550832068848,-0.101396048389711,0.660395860415497,0.00715912576405667,-1.14674084968302,-0.434375540060093,-0.0259679470556718,0.20182055564131,-0.169921909732459,0.10328304800933,-0.0371476067072493,-0.182415896177938,-0.185026493230396,-0.0787717079736952,0.12856276756417,-0.345500349206043,-0.344350348311732,0.118457490381712,0.0725948462459562,0.0118599228488936,-0.385323630573112,-0.0289650181815273,0.0441930888369776,0.0090962517250003,0.467251304529438,0.0663104648826297,-0.474662875372246,0.471433640831491,-0.330955803739622,-0.301246596298309,-0.631887073936287,0.0515589177312409,-0.0153648739450415,-0.103704223252618,0.042938695175322,0.0400373236717089,0.107711197925671,-0.0948782400337417,90.2591235366026
"6","GS",-1.1878822816222,-3.56603768284368,-3.84936566783035,1.49304294806947,2.5330939351818,0.301002748747241,0.980351775867827,-1.85326221772872,0.0460149298349322,5.39398755550145,0.945062471184573,1.45127062749015,-3.04566364038402,0.180360617930385,-3.63687036008362,-0.440178188990227,0.382086524480674,1.35957188990841,1.25391293088973,-3.33606413669061,-0.402279152673876,-1.11490260456205,-0.224830164238889,0.0862400578544035,-0.825600347347637,1.26190065217227,-0.760756831646464,0.330948338363912,-0.395530727815826,-0.0664617670311005,0.303543294663451,0.544189763332239,-0.315329166425908,0.445832273522594,1.12097210840296,0.341987613365522,-0.461674029910463,0.237222972264066,0.551101608767702,0.111955128440802,-2.67906126957997,0.646848708272281,-1.72821545951634,-0.74263167765999,0.230610518272313,-0.029331625824841,-0.584283468026261,-0.348276013325563,0.911458178172579,0.149488355903711,-0.302395059199227,0.448291661535853,-0.0602451218576513,0.275613823322141,0.22229010792775,0.0515713954717518,0.172671943687102,0.499787713824528,-0.205881634062043,0.0817406050484673,-0.0879258807403478,0.131429102521568,-0.0728896525056135,-0.0765886210134658,0.0214667025106499,-0.212114575208625,0.544030674768383,-0.515163073624105,-0.565231186305412,0.069247516263649,-0.112541912675177,0.426944145790121,0.658695121839505,-0.00561999003253092,-0.414520717949667,0.16971161175062,0.251992058041457,0.103249868017035,0.0447010889357772,0.568504154267411,0.0309025545603468,0.234440765374197,1.28053083100644,-0.271056071711723,1.48233708809602,1.58593976567447,-0.0781406671832746,0.333354344419986,-0.0111256428469622,0.125861695733361,0.54441006259828,-0.491131760094211,0.0541705014197026,0.223052281199679,-0.169095710435332,-0.02673085114986,-0.441662989418845,0.189870790963173,-1.66107148914813,0.226901576279574,0.0139094802133338,-0.581203915468766,-0.165158907638782,0.811255369679023,-0.173285063535724,-0.730016521098445,-0.169685869462516,0.191465921315787,-0.1267133260882,0.668834053171215,-0.100010618395901,0.099563840049461,0.211595076033298,-0.164915614711995,-0.61460593887664,0.250457737921021,-0.308338907361503,-0.179025537715652,0.228952761444859,-0.0518357422384478,0.159202030539695,-0.357540384025438,-0.135687355020127,-0.0795715106794764,-0.0905632711916277,-0.465913897500799,0.215775334094266,0.0846407419112724,-0.168220228135689,-0.558123425585484,-0.79067377368895,0.145972607779467,-0.162969933997696,0.0959745317521448,-0.0564071426217381,0.0652049279948554,-0.207712655549755,0.430118633140326,-0.267869463611987,-0.319338992881172,-0.258291841437,-0.303282630124416,-0.370040046573636,-0.159636057689654,0.502510279445134,0.498027928121442,-0.318949633243851,0.278838711126379,204.025862995883
"7","WBA",-1.57591246110715,-2.89095739733093,-4.59522913898009,-1.52662123636221,2.58706374715967,-2.24652666204581,1.69883161920421,-5.74687867165508,1.65909856346058,0.907830403275614,0.796230123452618,-0.651691376584122,-1.58770009048832,-0.873417368503424,-1.93451577445076,-1.26609943278072,-0.300253253072703,1.60900459174445,3.04610455598201,-2.00054891268715,2.46808004289215,-1.63954744919308,-0.9871992806936,0.998508390558928,0.524952779160895,2.41209693175953,-1.21446900981775,-0.754971334723917,-1.54983041012465,-0.160391510390121,0.100409091085633,0.125458840850354,0.579295304565492,0.304168642504106,0.4995536298526,0.0649156963753128,-0.45089337183664,0.00643394963669307,0.76477701454343,0.182892410899439,-2.66593361115766,2.22357371145668,-0.728984020724084,-1.01140589764039,0.199148803325715,-0.149492301553614,-0.341468900225379,0.110003369004077,-0.0966027120853463,1.02246570110407,-0.211602720624997,0.417576440250976,0.150118131867678,-0.233207299330484,0.472838016534454,-0.110292791719022,0.923448360019222,0.585846091206531,-0.544152653847878,0.00604432819903618,-0.0269839266718457,0.911973615686981,-0.227715365264717,0.0946621187637865,0.175510152714438,0.502881136275737,-0.18295205091948,-1.46981704598997,-0.268498213310079,-0.228177263918926,-0.187202429964699,0.113159238240824,0.457136873682549,0.186485925426326,-0.0224020779310058,0.345951469789179,0.0480422017481963,-0.26145708017007,-0.117330225323457,0.571237103856221,-0.330379998344095,-0.0503282299510123,0.534191055998481,0.09410821572937,0.809346019219968,1.84697867202403,-0.134331225220876,-0.199003207961471,0.0488209328597012,-0.224764781716514,0.63422844140594,-0.487857924482642,-0.144817697557118,0.110975256965945,0.033144089779808,0.304131694830606,0.968945425853755,0.29269500953125,-2.01857601966984,0.215370214594171,-0.322282049945537,-0.714450067845887,-0.0894199906448269,0.449187729665323,-0.135785547610314,-0.115604561838982,-0.181933689541967,1.02286069055537,0.0531165878209234,-0.0552123432319826,-0.0354450412424251,-0.132116373204491,0.143693989042479,-0.122912216966956,-0.872988529770523,-0.187866655377548,-0.0780135907709675,0.391446741927037,-0.0432583655688117,-0.237789076985356,-0.0879645492942368,-0.092542814257844,0.0932545760656274,-0.185185482168703,0.0650515249508749,-0.20671187480351,0.000608727218299376,0.0899774960364264,0.127710673601567,-0.039001091516782,-0.439936641867605,-0.00757350287318926,0.302225097062535,0.0580318691688848,-0.340160707155064,-0.0369842841322516,-0.115765022811177,-0.270643390365986,-0.090213715123321,-0.0873304045311173,0.450532332040718,0.138151294477218,0.0616940956648026,0.0120440886670531,0.110911596478987,0.0370773062226371,0.0534412404795611,0.0156729569679543,42.4972509354791
"8","BA",0.802066499398035,-6.47418844375067,-7.02749820341446,-3.44899030995072,1.37603808334831,2.28418215763008,1.73629997070701,-4.87168018111201,-2.02138983961247,6.37644643753495,1.93001584864161,-1.15725945929383,-3.024211733287,-0.836218723132117,-5.51314075398125,-1.58855887110309,0.44984193739982,3.54817204267618,4.01523010814596,-1.58255101630443,0.143779178733952,-0.783689651810318,3.11090655865701,-0.90273473089117,1.91818808120268,1.49402993363016,-0.194528327783209,0.528751750036765,-0.480249520646195,-0.409979889873239,-0.308928407135872,0.953125065499094,-1.47810756468642,0.63171444890754,0.713953531393174,0.599821628832795,-0.199946870255007,0.881993654952078,-0.375573417061872,-0.262364560784469,-5.09196165541759,4.8123925698346,-1.84996246778336,-0.69134977323949,0.226944254085772,0.290778201378678,-1.65591062773984,-0.538959575681324,2.22442797179533,0.732908556871553,-0.36625163757406,0.20977250570713,-0.0273092577080091,-0.43684851771898,0.339916524316734,-0.236691016132972,0.873911305888856,0.82956538411778,0.538939306242914,0.543630534937385,0.253960781731183,-0.0163750021806273,0.984010543565277,-0.111815805816562,-0.225596526047559,0.29613912840082,0.19515866909888,0.156158971684258,-0.185174360477561,0.756988579946636,-0.113983200549206,-0.958236494645882,0.748741203074202,0.232266814126587,0.0264719879885316,-0.66333684037811,0.347709250555635,0.324592102958051,-0.368535007311254,0.527383252549126,-0.617945878626557,0.265323326176166,1.01719356831668,1.17016715445432,2.880248403197,0.499458250578433,-0.448391224990038,-1.27198521658702,0.309491219181439,0.0960785017708961,0.969103653950773,-0.304185557452035,0.236742296898145,-0.34268122544795,-0.256187837701413,0.161246308919967,-0.433906252992138,-0.829507457854394,-3.98598174790701,0.580145919593525,-0.640927483825892,-0.301762999084512,-0.0748786302143819,-0.964344383757026,-0.504781491968068,-1.24609324189678,-0.984112211016255,-3.46690904685911,-1.02623669913302,0.377681939141037,0.253262482116312,0.124673605294115,-0.16257732576777,0.0558439938122026,-1.84451220362632,0.034045598661596,-0.0204548374776546,0.532938960496576,0.175504107043686,0.0223765518045924,-0.182745553861534,-0.441443548046531,-0.22193148455099,-0.432930544989007,-0.201027565591125,0.0221666370022565,-0.199080626164848,0.164359671934236,-0.0463590265766422,0.28603518537324,0.226385750667109,-0.129723312155077,-0.0822261622851911,0.469959258086207,-0.120935926338653,0.270352875264582,0.330170017827288,0.55286176434021,-0.350212390698793,0.123895735204579,-1.20383498952871,0.296929600337965,-0.140985024134781,-0.00165236999643446,0.862919847542703,0.108152754557911,-0.0636940200699046,-0.273047226737532,187.805667014688
"9","TRV",-2.8661760330265,-5.3549535848406,-3.82456821847427,-1.12377955736767,4.2769550537151,-0.384792628058371,0.903500216729922,-2.81484306863573,1.41311757244926,4.64713053626234,0.897377279994013,-1.71584789277834,-1.84964467007887,-0.934141691067284,-3.26138812365457,-0.0927923797794066,0.0720354827072898,1.87161152509025,1.17952099862597,-2.23599283535888,-0.398356297183715,-1.08095201464396,-0.353493623713992,0.407377121051355,0.191817565518668,0.917839255648891,-1.30057921350651,-0.983210910948906,-1.06030774588698,-0.117014997439201,0.334684748712883,-0.267964985817836,-0.732076362905649,0.773253858955242,0.344409354751243,0.11190353691226,-0.725620672243887,-0.178188200366938,1.16421185364674,0.127855145099315,-2.70579823567172,0.601252883535937,-1.25577776134396,-0.953938423313623,-0.0158704937755051,-0.00310694151321869,-0.500388220796296,-0.228010152857521,0.785953544318709,0.302138622146431,-0.495851619071305,0.452044113541581,0.00043132712711784,-0.0994410091704923,0.398804391166815,0.189517528771373,0.492337377948837,0.664396960758127,-0.795493425309235,0.521385341576107,-0.159624896324635,-0.0729956455094347,-0.571027894821622,-0.0599380065778597,0.399853258379445,-0.244520456353912,-0.318233617158406,-0.638091375004658,-0.152168631553268,0.425299851827591,0.23523607878966,0.175193714312149,0.925654613450009,0.0563864978775531,-0.103503400279333,0.374501514193785,0.193529766805856,-0.418525566161267,-0.00629621686121671,0.195346593446981,0.102756349124112,0.19117104769447,0.629598710009961,-0.152133383029182,1.3736732637133,0.794741043412908,-0.425616905903652,0.642868915591036,-0.0944520858575029,-0.0677218842020144,0.615568034746851,-0.0123791712943714,-0.0915584739846653,0.352620591536709,0.608615359132579,0.188944658971607,0.713363916893483,0.413509400477126,-1.67684081509731,-0.26706981833662,-0.175004825944451,-0.530102634819107,0.0351487685220752,0.64544143589756,0.0438652216652999,-1.06330173890598,-0.163828666606485,-0.807948886160863,0.0666863639611077,0.178740063348597,-0.205020036969187,-0.0163516756398435,0.757565554808632,-0.0723615342677265,-0.926984899435424,0.108412900181887,-0.0673783799064673,0.288546938873855,0.144781052903274,-0.197026710091207,-0.16346694734636,-0.415645015480072,0.186982345941801,-0.204877045482543,-0.498955275536407,-0.266448003641232,-0.0405114341345795,-0.0699892100218439,-0.0620395300439332,-0.232245159755714,-0.262840070209431,-0.0323832689721064,-0.0791610355458733,0.143104927157723,-0.529302799545195,0.177697773884839,0.00771717133400502,0.94687997843368,0.000199238035795771,-0.0459432259598425,-0.329326133690794,0.254501862109524,-0.0606259506217015,0.0707669597695742,0.431950597228634,-0.0037433382879983,-0.13383765793114,0.0267226973081589,120.651622819446
"10","KO",-2.16204421567999,-5.18700683364657,1.69443827178546,-3.13859133948298,4.67525612234848,-2.68069965840826,-1.67982273280152,-0.140542435670462,6.11194014434788,3.95815372380872,2.01100756904554,-4.08665638039004,-0.206056948247241,-0.364735267629325,-1.55138413087136,0.941982445725522,-0.161034908450906,0.666075384399184,-0.238198783933529,3.62155549533796,0.0882116252606753,-1.66410240648231,-0.849799028011337,2.79664332489173,-0.429603262707671,1.64613956605926,1.49722766019515,-2.48341043467356,-1.4875348314332,-0.562135339729168,1.04101339764661,-1.00118993747927,-1.46772928059803,0.026662806686987,-0.412317170295193,-1.09615634477252,-0.043805700592469,0.933309022548985,0.0194785383788648,-0.431368137664289,-2.80037870890195,0.509150733805142,1.12308055294239,-0.08068546586711,-0.205339235306705,0.231722773333888,1.95071429868235,0.80858905976474,0.174315333427209,-0.552819597554553,-0.507192607865829,0.127435456311637,-0.110885460835966,-0.404186099289572,-0.0836871117173728,-0.538580583317691,0.681493038572778,0.624600853015002,0.72048779800104,1.00957903581214,-0.697274319189519,1.95893032696168,-0.0307134294126586,0.337382402832351,1.17520273290063,0.0817628017146229,0.884779849559332,-1.42348386601055,-0.758005727663005,-0.854946435275044,-1.37320793123783,0.812455150739028,-0.120780988382204,2.50849496492372,-0.801251303511344,-1.35343640127287,0.133676519096954,-1.24943038556671,0.521783729408288,-0.299012209995439,-0.461032745823006,-0.277484969148883,-0.189221623372964,1.54570436178268,1.24923705089296,1.81280996626397,0.269558890903776,0.925717897081395,-0.255682795693323,-0.308473574732622,1.06609002510879,0.599570502573083,-0.473724412393145,-0.0710868540093304,0.392308995300918,0.489362384366135,3.30347347374012,0.949768033829082,-0.848800435486696,-0.454607804076619,0.548413453588431,-0.649130590435731,-0.757973109469791,-0.253652691506494,-0.351328736895965,-1.03063525726748,-0.0341518161590567,-0.287725153033222,-0.698154973970558,0.760938455114638,0.145562895031362,-0.26393024463071,-0.317331514516693,-0.205799415853762,-0.183291691029308,0.158120957926124,-0.273879457008672,-0.644503047750054,0.13120486822215,-0.0263017428868244,-0.0891143057298195,-0.313628449481227,0.107692374953734,-0.436264830839813,-0.306010491208692,-0.122830509315016,0.293244963114031,0.101660939336168,-1.00173045930363,-0.258000893230705,-0.746981794280779,0.0422023571267416,0.464312759991949,0.171277469368727,-0.710083666172084,-0.137156168814116,-0.287515783049662,-1.12899296680111,-0.119398120562554,0.243558826038535,-0.256480055451116,-0.206183704567759,0.23189153049163,0.0676514826784043,0.880672903130586,0.220848653227458,0.164270353811379,-0.0423601777126625,46.7650845429189
"11","MSFT",1.72057031018362,-4.07856383391943,0.168365714653532,1.88562118644604,0.717757430050958,1.78744120369647,0.651480891599982,-1.74774721422441,-0.91792288659567,5.42882453291339,0.601098322474767,0.675461305464207,-1.338713272241,-0.686742956447704,-0.369945003258715,0.0407294467872415,0.06631995677833,1.79670473034056,1.54123823789983,-0.400892935937995,-1.69418900763792,-1.073391453577,-0.573898255813325,-0.900483502656061,0.912876239958517,0.857392758204162,-0.697659391215177,-0.928549201213136,-2.06959033186766,0.122330573134037,-0.576975496593095,-0.434904503669555,-0.00187024187794303,-0.162664705679857,0.629927292859365,0.0243846542699043,-0.789224579750663,0.884242269022085,-0.126549505499272,-0.0512850298672629,-1.09236855324835,0.638448427874658,0.00476133491476156,0.319711909153553,0.108359462698947,0.0448096509727317,-0.48089837979301,0.514075679270308,1.22297737925839,0.390167073567417,0.30227982476799,-0.307755187901254,0.0023114537448765,0.739125732033392,0.186934253466487,-0.137130401210282,0.192971926663276,0.482421382423192,-0.186487316023784,0.262882882950472,-0.335235523184927,0.264808297093695,-0.138747521478655,-0.159552925178638,0.222940055747341,0.310465958919427,-0.48796052705668,-0.0314463754512466,0.97432724901147,-0.300664919037813,0.0699090555218281,-0.59442750219413,-0.124833187389743,0.289257005846838,-0.514898508577853,0.1842661667859,0.172040293133427,-0.454487627504814,-0.0813402282896295,-0.00862725760678648,-0.729911343508753,0.0827148720601982,0.720755478313446,0.733513468702855,0.570440613491308,0.664292922065844,-0.539195310516645,-0.544059562926676,0.321000103113701,-0.0127901271246291,0.57615474566993,-0.321305845468813,-0.172096220386815,-0.123181516119515,1.07303771467611,0.0909792899885455,-0.730766204859505,0.0372254682828314,-0.733284845685347,-0.0762450854202633,-0.307588677233159,-0.36888204328874,0.0256897045871245,-0.575292785427354,-0.0182854701817443,-0.07172761301744,-0.178782524328518,1.42100553913878,0.281957131555011,0.113352032425664,-0.0153999558314718,0.109976278395866,-0.298649271264814,0.0370220767128405,0.0362743486917508,0.03996491040413,0.00316600450771892,0.53339072268539,0.0778337129556016,0.0597046501629658,-0.0137525538414413,-0.231387742334489,0.220326304112,-0.0552840183834974,-0.0809543593301865,-0.0421258514525749,0.0891505341918093,-0.0938543092559172,-0.322897875313176,-0.0973670429104084,-0.0441986376541378,-0.0453181894747615,0.809443135786709,-0.131752279958812,-0.992293618442687,-0.123461247015425,-0.261235132695114,-0.450993063330765,-0.0629252804230259,0.103725015652374,-0.0580104405789753,0.496036527632171,0.0799876158538104,0.104832356756612,0.805692425636791,-0.153793224042453,0.0129540011728354,0.0247445431400074,206.020726629389
"12","UNH",0.295136777269317,-3.82030520618371,1.44779154933519,4.90865925699201,0.815192760806589,-3.42166232059745,0.408357297795425,2.41885331149719,-0.573821497832562,6.21465256508894,-1.61395343045481,3.84174560326953,-2.94078699012998,-0.0209719439964161,-3.28196794115961,0.0581947066372182,0.478409508678943,0.909406627545094,-0.36352218628715,1.54733221800132,1.4884525218351,-0.219015877226096,0.3770358084204,0.848288038442425,0.229424266945867,0.12107020514438,0.827100920145333,-0.591200085429512,-1.53180124454361,-0.0287524346370654,0.880924675884926,-0.221105971987517,0.758938160081964,0.697504551323443,0.652022095092714,0.158374670156788,-0.565946501184647,1.14997245404684,-1.0389838504682,0.486386879128284,-1.39459824483151,1.54618590039015,-0.907665293483867,-0.237029458347465,-0.318663138038818,-0.133759473018401,-0.65336166850079,0.111057955072049,0.526715000503431,0.510643263864158,-0.120681578301105,-0.144457358330504,0.177613748975525,-0.0549116197194475,-0.169254864722826,-0.0657490261959276,0.271769256090195,0.474431848562058,-0.081889844174969,-0.0590788361570895,-0.552359928240986,0.460381517805345,-0.687923619869958,-0.062473528139208,0.450664379831926,0.149405046487072,-0.302831289316459,-0.914933669806063,0.318152468001498,0.207668126947973,-0.536460096746075,-0.222629908618232,0.0527111233934636,0.834628779269325,-0.258957469374805,0.750949196398841,0.146614050237029,-0.376975197620189,-0.245228505761425,-0.504298656909795,-0.0374780045430197,0.142732011824443,0.519876160617485,-0.0142718162364034,0.37374290718529,-0.439085890884639,-0.306240350295911,-0.664229789966947,-0.0105220999656483,0.109577069046748,0.195026317127521,-0.267620364938818,-0.0654209380106264,-0.58698137753607,0.0725855806866477,-0.134119693340535,1.98987147418673,-0.077145732490939,-1.21866368054989,-0.157339578384519,-0.507166742232772,-0.0661317205341311,-0.242055477530771,-0.486316201866858,-0.271304164283045,-0.284063651502071,0.0922872436785427,-0.0472848003075573,0.280970846258572,-0.011467477940165,0.0333248808283602,0.0587478222076698,-0.416493094925571,-0.200806998113301,-0.0162605614574129,0.0537811757724599,0.050969876058798,0.135696659322162,0.11160349813361,0.268739963939376,0.0111364412481502,-0.20665037402861,0.315677143971477,-0.485331891886102,-0.00721389721578138,0.12654516883242,0.264985210861725,-0.161345082999877,-0.104456036044408,-0.0345164353131075,-0.195297884464931,0.0578533464415826,-0.36544969893914,-0.0580931826307906,-0.479902016509304,-0.143453212791146,-0.155518889990821,-0.860011329034887,-0.219531780849727,0.0242827024315974,0.18492842432423,0.053491434430637,0.13239297336809,0.11472685898158,0.191116477720517,0.00122585497184318,0.0718671081233008,-0.177862099858855,312.148702747586
"13","JPM",-0.613128543552086,-3.73686523251376,-4.57652643573021,-0.211144891187604,1.95843147369291,-0.902830042434822,1.54902718434978,-4.64889828715188,0.110099467456017,2.54496244852635,1.17400071418404,-0.499404374049507,-1.93326543956686,0.218783736514941,-3.28581175179219,-1.66455765520802,0.520901413872865,1.68912563251085,3.69419597659771,-2.59165373437084,0.726776314563356,-0.986748289053174,-0.370806114116125,0.541103876128215,0.0178924685381168,2.7258971866028,-1.18711752210047,-0.965507490973216,-0.878670269705952,-0.209515474417641,0.253415346301309,0.546082835373536,0.676700311805822,0.0973515402704979,0.547939625838996,0.590986129711208,-0.533692214189454,0.106690798867253,0.392134153365292,0.202622135116446,-2.74548487496885,2.25595279619057,-1.50493655947557,-1.33325614261219,0.359005281005194,0.0942002972597853,-0.498647553163323,-0.150827232947089,0.535445387762159,0.757124724003992,-0.213756760312284,0.659139024504426,0.113338108063762,-0.421939799380097,0.431029248971571,0.0230083824973047,0.533434237173033,-0.0253852573772963,-0.0907292795773711,-0.313388393333167,-0.223716703920198,0.853897776997516,0.277334489181645,0.0612633748005839,0.044748420366222,0.237640850071522,0.435520147166581,-0.89368577396235,-0.53851935391175,0.359299380278078,0.137883733351879,0.438920103281774,0.344014428191217,-0.283590157356435,-0.158791791720566,0.466718652925865,0.112555646164329,-0.0762115527265445,-0.117561866725402,0.860406646855341,-0.0546153481581757,0.0106029791767064,0.712748260777457,-0.270545981932702,2.14036568405085,1.35043307909951,-0.253145886715177,0.184781278935427,0.0164294362656116,0.175567105439164,0.923226144922259,-0.453958929806123,-0.321378443411583,0.405438253678477,-0.522823178481077,0.090569609722081,0.828173705739746,0.117143632710986,-3.01182223498897,0.451018430232983,-0.27511010762737,-0.898226246109796,0.121873061998369,0.034677110853321,-0.341603413279539,-0.825606888104951,-0.381479033348161,-0.322357935414997,-0.113494511828835,0.0874021310414663,0.068303652712983,-0.0267989843749054,0.543138702384632,-0.0937641275692779,-1.21475166557208,-0.121330909937166,-0.0499738477913602,0.408577203302208,0.154742633548376,-0.434939974441218,0.0615757213913946,-0.117064787803626,-0.275330887908792,-0.301752148616425,-0.301093303891405,-0.519420663760278,-0.0789782354641361,0.18885074015035,0.0134380182144016,0.0529628948024459,-0.671176900066716,-0.0436891087973537,-0.500407214127696,0.216445270076992,-0.00483903973980552,-0.0372867859761451,0.124382616192669,0.469485047519774,-0.300997676085812,-0.29474799255293,-0.113992832863568,-0.107991913562726,-0.0990706602663696,0.00563075072986215,0.535214378846425,0.182723563732786,0.0230030488448628,-0.171680784693269,101.289655138816
"14","AXP",-1.05074980982679,-4.10968192320005,-5.34318078611679,-0.499359226476869,2.30690547620297,-1.20704657212789,1.61357402001637,-4.57444099824844,0.12277061145216,2.87655880969949,1.16754732759287,-0.807070336442869,-2.38243663632328,0.522358087071042,-3.82525280189298,-1.59310053490021,0.618978590369403,1.77060484693316,3.61813274739423,-3.05771412546507,0.634959015044739,-0.695865079074391,-0.0231393129918997,0.480621678100837,-0.134723529811592,2.5401114977253,-0.653926659339402,-0.573287826112642,-0.12396533727941,-0.221904183095066,0.369176629135466,0.269930842302992,0.127674915073475,-0.0686466475792708,0.878762381818447,0.13237548078381,-0.33443736926112,-0.0545787855655714,0.197147889564901,-0.0242422232520189,-2.90984246501437,2.7016290403914,-1.79013795210338,-1.22742993260954,0.103914148441351,0.0604562472512031,-0.399910965963666,-0.805970242098923,0.321414359635101,0.492209963634614,-0.324083742032847,0.774342275355324,0.13428682402812,-0.194638523339943,0.0201999862383769,-0.0230837643673181,0.572413122725227,-0.0683165555022443,-0.347396376486015,-0.213951814016141,-0.352602538794749,0.622747683506974,0.533279829235656,0.130641246234438,0.554290341957068,0.163239060025286,0.331900262769425,-1.05278647379767,-0.859055913898054,0.272157169993651,-0.049981004550793,0.377922927853102,0.432901620854921,-0.0234729827489373,-0.241247508580592,0.505048960344623,0.0112186570359353,-0.166441739708022,0.250180831720923,0.481001558011282,0.0925321459861361,-0.0640392859269604,1.01645080602076,-0.494416539884935,1.87413180125359,1.21545759298775,-0.0720449991716224,0.48994100874716,-0.626722668898718,0.293841322120924,0.491559106351894,-0.370085043168925,-0.567575136109394,0.678529290127748,-0.766436076682969,0.746176683810978,1.01550862463833,0.291679554834034,-3.24601656041165,0.328262001658555,-1.31603246950756,-0.74296354350719,-0.0317589967117752,-0.139070239771533,-0.089938411615348,-0.81604309899963,-0.129769715043771,-0.64584706246469,-0.298745121858579,0.0418648911316598,0.115543702129522,-0.00778512861470536,0.266662885053527,-0.107462808471015,-1.4924330102583,0.0258719207781429,-0.00950083804619535,0.138327645507029,0.106847834971447,0.00935579679572777,-0.044834384539226,-0.146283773984085,-0.638748036925465,-0.340390086093557,0.966595643969016,-0.594204552966309,0.199307080771246,0.104528365959006,0.233190028432661,0.016235303350899,-0.117673687916434,0.0174080905862352,-0.842639104275286,0.136901727815669,0.254172075997346,-0.437336308383862,0.0444476957645161,0.541823661872305,-0.166545505716401,-0.411610222186399,-0.0997962926028792,-0.431894410881038,0.0185337970679908,0.0966941561020707,0.700961493034667,0.221654832083929,0.058704667368515,0.150046468163566,103.236373716483
"15","INTC",-2.48022447651797,5.57798915864502,-2.13104913260739,1.48995211945498,2.33832767700873,-0.531335167913476,0.744222779763736,-3.38045314128624,7.97868663028101,1.86856102827785,-0.32967593928793,2.17259628708526,-3.01498971007731,0.220218554063454,0.441853873755518,-1.38011434186112,-0.5989252462285,-0.266189057224929,2.657556850332,-0.133016293706567,0.342663547101637,0.344307522411058,-0.817530413478081,-0.0415041502284977,-0.179873412567524,1.82634843927519,-1.8785294842958,1.60431286165071,-1.3119604522649,-0.359322488669378,-0.544731316805883,-0.745532953829243,-0.381097199070484,-0.202270361029863,0.158281161290554,-0.507718532686382,-0.447169122318079,0.844428832082294,-1.01853418079188,-0.224362265946416,-3.38011857318483,-0.972157558429447,-1.64306842100648,-0.0871883054171452,-0.493751403666193,-0.993602319840996,-0.337663722021587,-0.0695659670132847,0.733198567392197,-1.18826894621672,-0.00626620133898484,-0.901162602649144,0.235851407462944,0.717553852513714,0.0342407178810636,-0.667792456470277,-0.659599655818007,1.36088024253709,0.687701127976269,0.00865360715585155,-1.46022384626584,0.628011720547357,-0.404981329376642,-0.168253199006461,0.67493842607012,0.487446690460237,-0.587155724364921,0.570847349040015,-0.656775300578777,0.3423582586998,-0.193967639869278,-1.24479527144412,0.385168552435586,1.0973503342081,-0.895883128626376,-0.102022206707941,-0.0896792705650568,-0.759581924651162,-0.680921720572501,-0.277678735804264,0.172747814153434,-0.332350415293877,0.600471278303318,1.49297465937854,-0.55474753233712,1.60116050719104,-0.385799416197953,-0.915150334072368,-0.30114019739432,0.287258479886682,-0.389689678570641,0.973482791067496,-0.356560295862149,-0.143163425084109,-0.23496874643219,0.252825778938066,-1.57963425024407,0.160944712784352,-0.122183744510722,-0.236825552797532,-0.427552293409763,-0.104609152072488,-0.56217319289064,0.368840127242317,-0.612585636361257,-0.338198714874959,-0.61387844368351,-0.347839756541384,0.518415434056526,0.16621821055181,-0.0755265772704574,0.00987236341780641,0.85997174678971,-0.196566016657135,-0.128358479793615,0.213042618391719,0.131913812221426,0.945841417789609,-0.0170877047794805,0.545987125329059,0.238415878899141,-0.249244298673426,-0.242561532613071,-0.24991869475101,0.0625769853829016,0.496181414375515,0.563221243547119,-0.19722743927979,-0.451226907352008,0.263155316394212,1.02341469220658,-0.700190457077163,-0.346885795923834,-0.189898017804219,-0.204211605453427,-0.120209136694993,-0.336433878419834,0.868886422050713,-0.0775230496966282,-0.443836058663084,-1.14223712066097,0.592763555074803,0.0449267684181199,-0.00247986444246661,1.28722498641995,0.0452073720788836,-0.00944339488015899,-0.472934352052418,41.4221366296699
"16","WMT",1.69792971704846,-2.89614875438085,2.82722545927296,3.37873022458783,0.349805071854251,-1.4471021628547,0.312094830853613,-1.82791285583541,1.43142362232939,2.73258535303039,-0.8932150460928,-0.130766191439291,-1.14762866676713,0.597833454285298,0.488389616190751,-0.0353600577165086,0.066023885972402,0.66313374425623,0.737252598379992,-0.261998428511594,0.795276141220132,-0.222824127433205,-0.887579504065451,-1.07476542855991,0.980580087298279,1.84047201798111,-0.424317114035055,1.04591127658369,-2.58125861238932,0.325818039027487,-0.206763027024744,-0.0898833478617072,-0.211461331255839,-0.246627178664291,1.70804483669284,0.250503492055217,-0.597699741898274,0.359827306938363,0.239126340433674,-0.639066978493863,0.274420153632099,0.298109848656098,-0.1569111553994,5.59843000036556e-05,-0.176917940894782,0.203170033634128,-0.518625153378929,0.224199700618686,0.781361133609008,0.415856704632276,0.264839087581359,-0.802343914445013,-0.177775649814727,0.242561886203466,0.0364032009027468,-0.1444313767434,-0.265336403840624,0.538672748409677,-0.646202947771858,0.249334060886333,-0.110171266990625,0.352436935866662,-1.21669486623681,-0.161752112494474,0.263207008456684,0.00164973721871284,-0.81922725465172,-0.370287394840213,-0.547652508690626,-0.521625857138346,-0.685967327801979,-1.19765899097002,0.0567901276797104,-0.00821784972567155,-0.0848730500988173,0.410402402000056,0.187492864643953,-1.06452876185356,-0.313068586753897,0.0518002194549445,-0.49301978623332,0.16579448309012,0.473129852253475,0.677755780742449,0.890794844029586,0.595496255621643,-0.438354329567582,-0.607205155253949,0.23122011321963,0.132965534197569,0.604887840656573,0.44388758910487,-0.0498071757097576,0.0598579192495522,1.00982989919153,-0.0111427027985827,-0.683936726806279,0.0471491793427844,-0.166416257579289,-0.370054032681095,0.00578527959836684,-0.0371770576859254,-0.39769016606391,-0.00504265784701109,0.0214272110510929,-0.392905596899481,-0.325474229315496,0.578060215517442,-0.000816728627239122,0.0737630034036828,0.222112369274054,0.0635081985655157,-0.20217856675957,-0.016290161444682,-0.23174003856038,0.0130563420757833,-0.00974524212822972,0.770012180589254,0.0565657761593913,0.472229149388948,0.172272386671172,-0.507801454477856,0.0430683675580788,0.140941207511228,0.0749852352637333,0.16548215946366,0.0127071864859019,-0.0716267403674903,-0.250973608031327,-0.0408641113563565,-0.151368166105538,-0.0623765215999627,-0.266910314119157,-0.119169560204093,0.00274754358542147,0.00357256598166776,-0.46322894960083,-0.770755183177663,-0.158345167305262,0.15376418483101,0.484160009006804,0.434845869799188,0.135818305789487,0.0308925998182586,0.595690759716786,-0.0897048648588065,0.0645127840681759,0.041479003922395,133.082168171674
"17","PFE",1.02246402308876,-2.59880315308761,-0.332240420747888,5.54936650159762,0.190835866065529,-2.33483452098008,0.41398989795131,-0.0538785088600629,3.88596274073388,-1.21809144761652,2.14577402349465,-1.47487225529788,-0.786591019221703,0.229297918901111,0.281251500617735,1.26170925600833,-1.27301033976224,0.492326823916581,-0.952962617381486,0.276771156570868,-1.03908919823365,-0.907010627525796,0.368514935427427,1.20103293773129,3.36491295660715,0.335201954757132,-0.261268078075129,0.917246388815895,-1.65878352128998,-0.181514847974836,-0.483638929211705,-0.453945337083972,-0.686897059807187,0.564913804132108,0.892933588804542,-0.153122621493435,-0.284090271503879,0.602438601630491,-0.620880956809064,0.120117442807326,-3.80029582819925,0.000949542447745954,-1.03058688740867,0.295380252747341,0.388622820487399,-0.0618222359796857,-0.520993488289131,0.119629338071729,-0.115943572302175,-0.566836135274376,0.00198997337590579,-0.0515799934232224,0.137888076558415,0.128976544986538,0.52607165999926,-0.0371040487584534,0.909115363573679,0.80802296131808,0.0267583031843944,0.32872934197544,0.11757947253068,0.986718134779169,0.458503108052621,-0.204302253880645,0.196226585237396,0.583656583993767,-0.576111926353108,-0.197804409610329,0.639395435404395,0.412151983873335,-0.0832513007129998,-0.175177128038993,0.0340076431646048,0.0339976308249517,0.128439192586959,0.763052335795303,0.228977508132477,-0.648149002548735,-0.215014687756149,0.128646683537808,0.789794135425899,0.055018526927401,1.81978835887921,-0.163955090897137,-0.685455677713508,0.386094509043078,-0.759207624870239,-0.635944134790362,0.299654930200047,0.0842386420852599,0.913360044902426,0.78368467224997,-0.316384194224908,-0.602310434660207,0.495871897845269,0.412784970628475,-1.166217865927,0.40518217173262,0.985380365794622,-0.0787511258961869,-0.618591780047231,-0.585252397790918,-0.310718779532886,0.384936052603351,-0.303954310467782,-0.753266541521149,-0.482379226949349,2.74831302846418,0.382940782330211,-0.24781944615326,-0.0975508168702515,-0.0173080069657978,-0.451138132762088,-0.15025412661144,-0.0789577880278087,0.137113677653931,0.0605275249434114,0.993804918504519,0.165169060880834,-0.217757136742577,-0.0825074710671386,-0.286381302122283,0.147296650155476,-0.289364799241503,-0.144474163658878,0.216900590030301,0.171493105461193,-0.182249228549923,-0.0178408908689462,-0.103942021575709,-0.408903585662309,-0.117347910637335,-0.558033098401943,-0.0445814141791867,0.0790350258460325,-0.138189792264486,-0.160022672660611,0.0392619874052916,-0.295228528865652,-0.205023089206501,-0.721798378577256,0.180988207952203,0.0406421118418765,-0.0600744064064477,0.417829110528772,-0.0244224707526019,-0.0234550960991684,-0.220083572418697,41.4870442502637
"18","RTX",1.60570191709047,-2.2921354097507,-4.38636567633911,-1.75799770555568,0.0604213089804857,-1.50109837280567,2.25282237520661,-6.4302590776577,2.09613125889596,3.01653224574524,0.744202158808735,-0.763134669175365,-1.75788638547652,-0.19729505940829,-4.26554906483069,-2.27716979839265,0.573178295625663,-0.366482288686422,3.76705346891489,0.0521220337047646,1.43900878956697,0.228164864215648,-0.377913184537438,1.31708678348931,1.04140046953868,2.89601914493456,-0.741836076341432,-2.07662236258638,-0.105360621328089,-0.739767994380083,0.987871001954629,0.379279544742967,-0.214546969601483,0.484759805910257,1.1699064890891,-0.205245606438647,-0.406959630073179,-0.03286917267766,-0.539397823440274,0.0958929450382912,-2.61678829004315,3.91356116635929,-1.87591471061799,-0.564871423394902,-0.102564767253275,0.0126279712220398,-0.968462448324114,-0.434378811212902,0.913794435841509,0.373722860736508,-0.487647200540507,0.205106378311999,0.0468426686621443,-0.472472390083266,-0.0211649665505921,-0.0640679806022314,0.4853110728728,0.985726004467551,-1.34109345688928,-0.121388992396692,0.00867651467854417,0.0443509734730413,-0.138729455727435,0.0430012951030957,0.16290618441378,-0.395036766025339,0.302057744400211,-0.952997884124942,-0.663631566349663,0.06927295254433,-0.698525175948804,-0.554209491117987,0.823037383919986,-0.143896677651693,0.171106945679975,0.220204165465948,0.299681943754043,-0.121562037569086,-0.110631046623978,0.477482445927424,-0.392924523065706,0.169150441222259,-0.15459353941472,0.261684715298163,0.0526915783588267,1.02320144951034,-0.139947834572307,0.420332227292494,-0.0631043713964104,0.0651230254231581,0.479567312278237,-0.217661672370681,0.168750838152244,0.053773402469387,-0.782428511978534,0.183855128752186,1.29059407463913,0.256525326883678,-3.31615993087343,0.226708199523348,-0.302264629551012,-0.782176055856453,-0.346593168849931,-0.729733018282609,-0.367931813829293,-1.21244514820656,-0.522831353424603,-0.837989423450952,-0.329916785178386,0.0182843434737267,0.309873466717748,-0.0676822381379948,0.129369979460486,-0.0249667580857798,-0.864889356454925,-0.156658816193954,0.00271039711726524,-0.123233665259403,-0.00864296803948561,0.380282999798221,-0.0297881821582849,-0.0994071575041073,0.0253569723771433,-0.515913353343863,0.25053670486744,-0.356753999343358,-0.0388962625213198,0.0943439620709204,0.0309550915001005,0.115852627156794,-0.191856327816375,0.00770383527161176,-0.00886087144503625,0.054412672866231,0.841898970398399,-0.00474004158172593,-0.14754628379138,0.624603755289655,-0.213573361901084,0.0149091306087156,-0.533993263669497,0.0755907355934892,0.121611801922024,0.103532109474044,-0.140089681730398,0.129903727024754,0.0770427409859831,0.161160553742466,67.9409779139741
"19","CAT",-0.0322134613755684,-5.04160415305009,-0.344489226622392,5.01227653828612,1.62382907892248,-0.902964437876988,0.888368609491153,-0.794889277064132,0.748112852940918,2.80658166797013,-0.972313920438823,-0.887736496372911,-2.21252074794518,0.102256926374876,-3.06593539741147,0.124197514850229,0.472909307717919,1.11417858978111,0.107180757073385,-1.62087831508174,-0.836279723640414,0.0390301971415924,-0.00997437812389043,-0.58461571697897,-0.404342521487966,0.106648601953755,-0.473316165752417,0.0517048987285243,-0.547296625353594,0.127643538853111,0.478444744902975,-0.24081975232092,-0.339636960011459,0.21161568321984,0.402774189914513,0.137041594923383,-0.0743694945492816,0.502212308919632,-0.156774952410404,0.476126806227405,-1.08992126587878,1.01203038488294,-0.64919010398061,-0.131775483991958,0.12512358317309,-0.0867313705435942,-0.638709061018775,0.042399226295555,0.789334925683789,-0.445490569612098,-0.345035062565878,0.100836803470511,0.0511389787513788,-0.0517016083847077,0.0544699553682339,-0.112174506282623,0.277523399533226,0.774888736054639,-0.994343015908146,0.514066726750409,-0.0503918035899788,0.283538122597849,-0.963371660850487,0.0377053903505294,0.135278755844185,-0.0430738901100777,0.0413852523519843,-0.81241575972035,0.214562259199679,0.0353716035111466,0.198088301216262,0.0619716202859569,0.630832977788627,0.347826243330706,0.134181844196025,0.566014236916743,0.125970425026166,-0.440160706019213,0.0242853367924913,0.159640864865972,0.375288663291386,0.338376129958997,1.58606348269921,-0.0856116754312535,0.646848305465997,-0.289310282300961,0.0432016889466877,0.0968201890774475,-0.0581490291155663,0.0653977206841654,0.395684897652578,-0.233965188564382,0.0803439772222759,0.294368939070109,0.207270658009176,0.211721212925974,-0.0684239147913387,0.110250357855885,-1.13654171530684,0.0913982535812358,-0.366165859737507,-0.238538399137459,-0.374707746679249,-0.292480548609261,-0.183976257473116,-0.615596967765073,-0.419285412098886,0.174335436998919,-0.177232873129674,-0.195967908683382,-0.0241341896135607,-0.177589520784174,0.0891677429516993,0.0342243377284928,-0.53195065567337,-0.0908678119188868,-0.0207998181445731,0.180007917115741,0.0365281721891591,0.113899905997269,-0.0808332705603974,-0.200558518934084,0.177469073411147,-0.373118928851856,0.0942148198121844,-0.131256866226551,0.0345583499909275,-0.268853161215404,-0.0211236015064649,-0.225017290583387,-0.131394543560019,-0.0277843130747452,-0.926894487840043,0.0878723118327548,-1.16655828944927,-0.0962731123018312,0.00638624567286384,-0.238409759647287,-0.0580053519527842,0.0513286938432892,-0.093804596294238,0.281789071788185,0.132027908970066,0.0670827535222438,0.0360995254661865,-0.0708461361206559,-0.134082558249524,-0.12014185533536,145.540456318493
"20","AAPL",7.04169646395273,-6.88361410275849,9.24275119517601,8.54925826150673,-3.55927632904133,-0.199723610682363,-1.41596012054563,6.76702235862224,-6.15393644714387,9.21695852380728,-2.05061660657413,4.60361638182938,-2.61397868230582,0.403969474137843,-1.28448715756826,0.489999201758823,0.909829792086241,1.57048145815013,0.0866122916934919,-0.595591137402922,-1.39656772512932,-0.128648086102419,-0.742157096386297,-0.636564271275889,0.251256675507052,0.484687401478659,-2.5051194429073,-0.648922215878625,-0.839196624658837,0.427491019142646,-0.0581484141257424,-0.381116784766178,2.164594493584,-0.742176851500183,1.25447375744568,0.403078142821043,0.121900682644908,1.60183132672704,-0.58449913111414,-0.683870756222196,-0.279883639885614,0.689391392906261,0.429429637471995,0.199372025058787,0.0469975999607291,0.11377966801196,-1.0220744697214,0.682469787372595,1.97602570147089,0.0750695312866273,0.716662483210594,-0.968278853299201,-0.170396138704072,-0.076858973343287,0.176365651973709,-0.341216171665611,-0.655448538206628,-0.523584483449019,0.493479886664144,-0.710478721980241,-1.06539355302403,-0.694969617615994,-0.83061598339069,-0.357389684670485,-0.692132583317097,0.186456910245125,0.997189672908499,-0.182842055411182,1.40539714942179,0.151037550246417,1.36924085301322,-0.564556374307876,-1.06406515915827,-1.5117141738462,-0.260942617794188,-0.200701402351919,0.0408105263317937,0.181583610365138,0.155402672330234,0.535617730508196,-0.128349560932386,-0.0141161821380978,0.424663295856314,1.10517026647024,0.0736091411634344,0.661435408296867,-0.559814923134958,-0.0410400169880851,0.214874313391698,0.272558331330812,1.10815372393217,-0.61917763910302,0.0531292238729264,-0.0504866353598433,-0.370302761566402,0.241181256202325,-1.19679641244212,0.129763340170995,-0.72123052794085,0.152339734591796,-0.0357185830186671,-0.796663613394683,0.355365892668988,-0.518021150245198,0.068403952823979,0.0509345816671518,0.058633850643397,1.06324115044208,0.272649220411304,-0.142519405594407,0.146719263345302,0.282575781146382,-0.16346534060443,0.284824219308754,0.038945323011063,0.0413006294667956,0.0491700000913144,0.678491086254575,-0.026658675466803,0.0306571395146718,0.0963082651008835,-0.371297775330382,-0.170358687914598,0.57627008060352,-0.050846730908345,-0.608649215324816,0.0314789944950983,0.158014197950476,-0.350525305161533,0.0910383855440978,-0.202767229868402,-0.05142518710049,1.11178555495373,-0.093743707849414,-1.38066871594627,-0.0223985967424512,-0.0263364451198429,0.224769901225986,-0.189837461394872,0.205271143806286,-0.0558624472687713,0.348465504764021,-0.173093680131538,0.0569230329169258,0.588417943969099,-0.183989914647666,-0.0236417795032184,0.267642707460492,475.739892036156
"21","DOW",3.33989117639484,-3.27489120574694,1.24691373609547,1.96864908707968,-0.392953277257128,1.18127594638285,1.0008568760879,-4.16712527752185,3.65236739954831,2.53397553805557,-0.204060907143706,-2.54109598636857,-1.74752237994418,-0.0718572752201299,-3.72352582192,0.296452314103735,0.459329110710225,-0.350966119757927,0.0347021310263475,-0.782110035630117,-2.9325880996839,0.587023535884647,-0.418719180626247,-1.41896838773707,0.499127813621585,0.361164250114313,-0.584277790073926,-1.50620428067376,-0.51206512851104,-0.281485301650199,0.828665873039133,-0.0283118400577054,-0.242830937488113,0.114246890351127,1.15114011737263,0.42246140350818,-0.371041156895177,-0.00599034489352858,1.07230400629511,0.0230927547318522,-1.2141818170003,1.10743241065974,-0.997955522413803,0.669128345387268,0.150132283433155,0.300141718540711,-0.242343547582799,0.223117247188589,0.460209019586338,-0.288254294548534,-0.456034437457985,0.497443592181645,0.0786186308730793,0.349737103908863,-0.0663493230190791,0.145719441954917,0.694710426368051,0.0731410882476144,-1.05747412992954,0.429688911845514,0.360939558255325,0.098405837839,-0.686039253041482,-0.126527494900883,0.342646948044151,-0.558667516020361,0.494541541340954,-0.433553888415035,0.495680339129746,-0.562186375072063,-0.0574105068335176,0.448704969812701,0.517419986189002,-0.0867064077090873,-0.0691270011749826,0.721781733296179,0.177165106431866,-0.635720508648503,-0.0204106500339534,0.462768698962581,-0.631294216334367,0.219386184312138,-1.04757291364805,-0.43428256243389,-0.491310817144296,-0.949054678594567,0.187577361660294,0.882133633261524,-0.059525659735501,-0.106358221004101,0.679571484874725,-0.877634067566478,0.109972503415782,0.851255033423378,0.52793373734624,-0.0264604178034674,-0.405699067399246,0.307723613565128,-1.34361751982042,0.121554044611186,0.11180026055056,0.0540581427025252,-0.0224348475671835,-0.0852540869208506,0.0123931183588155,-0.240503495123419,-0.316950250488696,0.11358804281482,-0.0418587397215708,0.09093326548501,-0.00860903375487276,-0.0203670892293374,-0.00667965869124481,0.00287693152341453,-0.251135502837908,0.097698735341825,-0.0767117903090195,0.115707991908693,0.147650061533208,0.0896967397250493,-0.296942767601615,-0.204716536863062,-0.0105222801450779,-0.191923124120352,-0.235491328381936,-0.401853314751613,-0.00269180102123789,-0.0843934119294546,0.0618231919129327,-0.105568638646947,-0.404123703857778,0.120558466227942,0.30092455249013,0.0784008739468276,-0.270601719212336,-0.124913001733685,-0.0697291581408785,-0.345120602051408,0.0724723990343202,0.0170259243703008,0.0265034271039874,0.0735910520544376,0.0221977209478898,0.0221308708821356,0.691147588251259,-0.0813888214295858,-0.0920134135079349,0.183006465839336,56.34880693065
"22","JNJ",3.08949344954631,-0.26015811091247,5.26429292080592,-1.02563178303007,0.544561228586231,0.36470246569917,-1.32214848214317,-2.69464776286168,3.35800577615886,3.07292497019059,1.58389396810476,2.57734812075323,-1.38627395697697,2.04036200536144,-0.504386435838643,1.59104521138285,-0.120545545872312,0.594555015220565,-1.32823876275455,-0.207529582127881,-1.16876346711938,-1.12827174537445,1.06074945308863,-1.12829817807287,1.41510788616031,2.22501484591235,0.305012471204733,0.956123849457517,-2.68300555103296,0.0561543314751284,-0.222704472922362,-0.460219861486909,-1.30902888785841,-0.0244983815105767,0.000336313426897277,0.00745299701174014,-0.626580075832415,0.949397561164784,0.259524629600646,-0.408805371754379,-1.58592514515449,0.589159649901597,-0.114006237416483,-0.647184891471237,0.115224880931686,-0.106512125333054,-0.0608272589966404,0.111685930894824,0.47160117038811,1.31257990957033,-0.29461159608508,0.0393116345766616,-0.134493935441743,0.220645815220895,-0.355273875665692,-0.334227063787792,0.522864693627681,0.642313160149232,-0.641986759871377,0.53479186020548,-0.000511986661182605,1.26300551812332,0.474080777680068,-0.0202536904918335,0.46838061582207,-0.0783225474359877,-0.404169325488358,-1.59480129329965,0.0450912750049157,-0.613839042724424,-0.754057968689982,0.0316032168620197,0.295931360021701,0.679568154797751,-0.336696812711147,1.29588620257759,0.180649419110544,-0.712982140320377,-0.147565325403655,-0.152456430407615,-0.681258590696253,0.0420558423974117,1.70353630601949,-0.348988647077959,2.12699157478678,0.24257148201861,0.143854700402128,-0.343879275818497,-0.034910292145016,0.0503868594196002,-0.165769354658019,0.191417677627011,-0.178611485549,0.217898480156245,-0.317458110859452,0.17517344063423,-1.01895075233692,0.0877365837724556,0.659738969962997,-0.238801281727456,-0.139973074702994,-0.359277065277574,-0.578978837738928,-0.664446745624475,-0.571251409049385,-0.618015400488666,-0.186574660642612,0.919906276870466,0.26486161215438,-0.0484389603747146,-0.107890620376218,-0.28905691622313,0.183515469947844,-0.0697858779053847,-0.358672858743658,-0.229009574517743,-0.00344896897908643,0.0627757257285299,-0.0361074069650365,0.207015486649745,-0.0737213769181951,-0.0708827109175529,0.289300989753171,-0.230886045057093,0.181901219022902,-0.164994031192667,0.316535513727533,0.0987508951529117,-0.0882397094729242,-0.110817877028661,-0.106068932257503,-0.0445408617278975,-0.468705446444367,0.0199334055690072,0.0100923179479999,-0.261940324975586,-0.481069803628606,-1.31154217472639,-0.0607583028775643,-0.177290183815068,-0.5752910760897,0.211527436360752,0.208776183116645,0.0105600979524236,0.065114782959873,0.0271069290710172,0.129089585057595,-0.119376684892234,152.89556401584
"23","V",4.59814861009641,-0.415297175608748,5.38494389758069,-0.502205164930113,-0.810492449233056,1.84896626874531,-0.685171956486599,-2.27134739706649,2.71613143487991,4.6548776876102,0.77082337597322,3.16350547600987,-2.46115986824677,0.396026861893435,-3.43921666354211,0.569855460889567,0.204213081712814,-0.467780416581468,-0.676629070952566,0.999583785454172,-3.20349530213639,-0.25439136329227,1.40964945819054,-0.137959942361723,1.49203670722294,1.31441368763581,-0.270641939097295,-2.84966439711125,-0.593590329397412,-0.455724960339516,0.552084160918007,-0.347874493693583,-0.927294744822408,-0.184229046146176,0.857522846088174,-0.064763361335582,-0.279183645407491,0.946990603954832,1.21252235321052,-0.110733420876538,-1.71056626097916,1.6012904850211,-0.558237920326667,1.37566036736817,0.0675593908084209,0.142862391161181,-1.09690079446072,0.183472639502621,0.781460266921601,-0.135649322048313,-0.212314705177731,0.00216028357562765,0.0840379616745189,0.0824529102723537,-0.143694817728664,-0.0318223919386677,0.644879809435232,0.52769648158491,-0.563352254039686,0.593433605901742,-0.254228819685318,0.695032501701491,0.377279369669805,-0.254046459272429,0.569055660879301,-0.216376200540409,0.112121979927648,-0.422379631497104,-0.376422053405965,-0.702748212049236,-0.0689621228249088,-0.193996849628133,0.05899488669929,0.43301396869584,-0.109222689465398,1.1358087100204,0.410007234455281,-0.627504756551225,-0.0263469867267746,-0.123255847711537,-0.634152357067596,0.0530846713161815,-0.712941385094228,-0.574032817350725,0.542521542639208,-0.68325790179638,0.15887052094526,0.459447192209957,0.327497283991531,0.24793148261851,0.627969977817947,-0.211126531949816,-0.00702485236657346,0.366371405113756,-0.225704443452247,0.215903050855032,-1.31041179436951,0.65085690695696,-0.670476857959932,-0.206732914898168,-0.107932298891911,0.175289833489867,-0.444582845801952,-0.592160926840861,-0.486841520011263,0.36027339626189,-0.135713327963592,0.228505083754046,0.76891560977799,-0.194376206290142,0.132501527120788,0.0251909646782537,-0.191027911431468,-0.157725575970329,0.273512407332625,0.12995968963279,-0.0114916692520036,0.0499490679584865,0.0587507696696181,0.0101022665174661,-0.0403683111224996,-0.0647556381831369,0.007867301124202,-0.288208349758628,0.0428484585288042,-0.422083672325022,0.355420368342488,-0.0855840716116602,-0.137675751424387,-0.0769943585737785,0.0294498053251148,-0.118376966195633,-1.3548008823055,-0.058518704132932,0.193425995129535,-0.174365418176806,-0.345743768456408,-1.52526197640953,-0.132158219195736,-0.187420543801563,-0.342728046507763,-0.10678716685116,0.0437457059533691,-0.00696285668863128,0.388602866727243,-0.0511929136450305,0.0216423036095102,0.175132942313761,198.964139928534
"24","HD",3.02450905192056,-3.83004080962484,6.2719141636314,6.17834240230931,-0.811172221151498,-2.26850763520557,-0.479249164404287,2.51386619937476,-0.312452035964743,5.14100038263442,-2.10771006653966,2.80725928746138,-2.45111551043818,1.53147846749333,-1.35576158382871,1.08073419576042,0.442768138471117,1.65604305105708,-0.511694705441252,-0.171139711532549,-0.472571370314633,-0.494877804372392,0.157431096721689,-1.39042866082488,1.65741638765434,0.6885798869245,-0.222370081398827,-0.088816593565986,-1.92545431328658,0.304385476197882,0.117997901434405,-0.349342168271168,0.740762786482069,-0.143527294559306,0.541911767691038,0.372468167729032,-0.940735443959094,0.0643561909875002,-0.301473009354552,0.206542732654303,-0.782903480499028,0.37073414990132,0.0529436204112762,-0.51829377482705,-0.315311902835358,-0.0221420945785104,0.00225013185656324,0.00121441735566025,0.792185315414329,0.392548122332412,-0.111966861411315,-0.535563087151055,-0.348662821066253,0.217428123486706,0.242553327823765,0.24352323396509,0.083037501320041,0.174731343208362,-0.749023404967042,-0.0685308149921749,-0.560043641517266,0.69086892350746,0.279700409856633,-0.0303871762590222,-0.154008395662398,0.0847365114047555,-0.325793612746095,-0.387556494470858,0.578907151008519,-0.333720821124995,-0.377425325370029,-0.444300990402044,-2.44238660951255e-05,-0.104064696623486,-0.00297477177884086,1.00717242127504,0.201649126375128,-0.787761058771576,-0.103821712910019,-0.0098797873376123,-0.0900466360218904,0.220070738274939,-0.365425778566166,-0.373501424736466,0.489260363021814,-0.842164281154353,-0.829754108698272,0.0565489564990818,0.0882303792139195,0.146140005164242,0.389808065995733,-0.295463286887656,0.131797291156787,0.509999124727127,0.503789349953602,0.00566249021093051,0.530665929329259,0.378823597960614,-0.731689213244924,0.105104879849478,-0.15505427934302,-0.227063953251289,-0.0548456909808533,-0.656086262227475,-0.00108796866370188,-0.63449061016106,-0.0505353328226001,0.297118613557742,0.730047009931407,-0.371618514712309,-0.106590157122122,-0.14965917021048,0.224610111699722,-0.107020069484182,0.166335590469256,-0.0509170278451687,0.0411199564876261,0.528396410428183,-0.0629476663710496,-0.0289229836164817,0.174357057794991,-0.394405558211264,-0.163610261615644,-0.164353882357571,-0.006841625620195,-0.317976427298761,0.0421326537009018,-0.111461041462167,-0.085422484742267,0.0154033450802273,-0.184826473490073,0.0203145945601744,0.622949519012993,-0.140543406984997,-0.791930985938939,0.0508048799574228,-0.138090140032807,-0.468448267378812,0.0802436992636456,0.177358583709643,0.13858376932437,0.432712432840553,0.192146275500599,0.0697308090691612,0.717159756687351,-0.139282560788446,-0.0610136106179144,0.180825347452645,286.550409772078
"25","VZ",2.79609514150218,-1.90747124732608,3.56470397939026,3.9541941979628,-0.513265442460776,-2.42296907764203,0.205589396140088,-2.29782717835304,2.90379085675271,-1.05894555135906,0.198515963199734,-0.0214014894833235,-0.765204212049216,0.716686882537977,-0.943700462966647,0.742101954775879,-0.281630394381581,0.871795346236456,-0.349640387084569,-0.322751637599128,-0.582044054926643,-0.175139859971719,0.421626100223365,0.327935647459516,1.38541701142287,0.722021830806401,0.715115776560343,0.940349887304353,-3.0058824207997,0.0561800071318254,-0.00673137792595822,-0.365588239813018,-0.681076118116709,-0.248430276048254,0.685952782388434,-0.446530869702245,-0.264641105347004,0.524613946230228,-0.888312592182188,0.234273890119364,-1.38826212418517,0.366114617618005,-0.308418156180562,-0.109392692058259,-0.0915492275895256,-0.129977825808802,-0.742162773942445,0.124611265266062,-0.137420255089335,0.587412982279619,-0.143765418499293,-0.0931905394888675,0.187882937715487,0.679829382394187,-0.140458029301628,-0.11508257835849,0.848945091872069,0.445121451656156,0.150552948273911,0.22116341568325,-0.164081570456015,0.440046480305929,-0.126791991910884,-0.109095445671101,0.342299503332948,-0.0208523601072227,-0.235237877131391,-0.50309703137986,0.588299219233668,-0.373499560501115,0.433147816983279,-0.305882742679493,0.11090131720811,0.680637539737548,-0.443772114029726,0.477938979750923,0.180467793141429,-0.15959653229613,-0.0561919720744153,-0.328297934910982,-0.0864728370767228,-0.0206658530833256,1.47572051054984,-0.0935066814579989,-0.577930849300115,0.224479939367878,-0.281714386652041,0.21548427686558,-0.25924283813344,0.101326577951396,0.372386347438615,-0.626379816038062,-0.163812692732687,-0.0424499549606203,0.181714177633134,-0.103605319810263,0.739337535666024,0.572344573634036,-0.104621240204737,-0.0564491524649605,-0.342983480817477,-0.36147668806643,-0.253546622223722,0.0773773065086405,-0.637447708725261,0.166387351200231,-0.0793203259636266,1.27112876810484,0.719199034746316,0.0558562463171523,-0.040589441916983,-0.0455920514467788,-0.378742553308216,-0.205155476769674,-0.04985968192734,0.0460633444122593,0.0565369807625766,0.446650329248688,-0.0444825844138182,0.158026194341066,-0.175993085520189,0.0412635298746242,0.288476830294466,-0.203625823881066,0.0637998822377727,-0.242874245499657,0.352229250021361,-0.153546103512644,-0.175929005203656,0.0235360467245862,0.0257190580439521,-0.126465192022093,0.330992800210762,0.0195123382701538,-0.225957664841312,-0.204964101870975,-0.24071229834145,-1.20736009277715,-0.141409099742006,0.0491365200732565,-0.0462752847318262,0.0389748141907113,0.0658998230398238,0.0141321735445469,0.487948856594696,0.0433432207980743,-0.0253496585420512,-0.0847709514709179,61.5979424393793
"26","PG",1.25620419197258,-5.57620592081337,4.55788573646596,4.92134912199428,0.889780275339559,-2.79852021605523,0.183402134927675,1.19435862236557,0.331851616193956,1.42493505065328,-0.567957677052752,-1.19209399741302,-1.09417511096051,-1.31169338743576,-0.342451607646809,0.393167822216445,-0.203587240924752,-0.991736204863092,-0.00623228080635741,-0.0648010318920122,-1.2448108012727,0.00555095085881447,-0.112984484354064,1.03984769234507,2.84528197869222,1.13272513264789,-1.63491024934475,-1.23999400707869,-1.71805171434911,0.0289386747220188,0.492372015053172,0.286763890377672,0.856604023174981,0.545661283879381,1.78064228926716,-0.00109388088844572,0.300773185580495,-0.0888707568666733,-0.43109444260918,0.325162061935962,0.417835122306107,2.64433154506956,-0.557114025228439,0.977176141891022,-0.156020228616552,-0.0826676805186212,-0.377054193571604,-0.10205024873527,-0.586737659836007,0.289906411856773,-0.276227355498324,-0.415595997650436,-0.137088890057692,0.178169083480597,0.0533763299014387,0.103362683751122,0.807637746137899,0.535250760543251,-0.464294359058239,0.110572571653718,-0.668502961732297,0.478591888411786,-0.526618646131214,-0.247688243239006,-0.307758664364409,0.282644589683175,-0.0752366230806921,-0.278296590289825,0.777875535605419,0.189640516409453,-0.86807935260398,-0.232016945720701,-0.26443337975591,-1.01647445704459,-0.454388981429756,0.597554559637639,0.0542089552777425,-0.711576007174566,-0.408640912977022,0.125683482723073,-0.0660970095167324,0.108623433126773,0.399735741113266,-0.746471030688204,-1.3150255455093,0.324255651082081,-0.482714810482408,0.230904252212122,0.0499543181157588,0.135888299841539,0.495875143337311,0.105533023514784,0.16326793221605,-0.218873355896453,0.627821964072985,0.0358606145914884,-0.460947956184728,1.09814009287747,0.21293357630105,0.156685236743252,-0.199603668472716,-0.541313846010507,0.100870731065908,0.499175847665637,-0.266408046347764,-0.213337539286931,-0.0992714334366157,2.74923068156971,0.399394507995331,-0.182343545988219,-0.120427919220812,0.0453209438823394,-0.503579347511915,-0.0492481705530931,0.193518067757177,-0.196640925878907,0.0858532979359485,0.857155613046735,-0.0422299405331345,-0.137238335852699,0.0514251263678522,-0.0920087599706698,0.322901115595682,-0.150384019873425,0.0959657425747099,-0.252061774271492,0.119739161696405,-0.172841057641974,-0.170712626773377,-0.0189558360061524,-0.730652672887281,0.149547050721828,-0.0387596824431597,-0.196405116946301,0.0509313024329699,-0.233399991976705,-0.177830322407592,-0.837622200497236,-0.239588747114769,0.252299449396561,-1.0572580486724,-0.309746186670621,-0.131579673066599,-0.0844683990135066,1.13070486267112,-0.0770083945194882,-0.160284152980945,0.413989805593684,136.745987019097
"27","MMM",4.15749958821506,-2.84836012964846,-0.0512913242065175,1.7415551306871,-1.82763374913833,-0.302559109008113,1.34831309477431,-2.43072675723669,2.46639248117577,5.6901938924543,-0.40158662596046,-0.252956931055652,-3.68641564496755,0.00780829331504937,-4.34440205557341,-0.719303935033464,0.890595847586532,-0.483109990617619,0.795747239824003,-0.215217701724009,-0.645754051527726,0.77163385843551,-0.710123162476811,0.936536187247469,0.409239969928269,1.15067905896978,-0.260114703866228,-1.60339253296103,0.945758746211881,-0.313009283624732,1.57302647021146,0.388581954407048,-0.966523221325149,-0.0815641340531437,1.34745888231935,-0.57236210577175,-0.437604610642427,0.495827989249102,-0.0695000484841481,0.39967021467591,-0.361174610581461,2.55268456729595,-1.44724276268294,0.60025461795996,0.127043383989735,-0.187989869943332,-0.605784119469434,0.0770206096982664,0.576667779398002,-0.36105874269351,0.378156518437727,0.115012351297208,0.116103273151573,0.472360490855456,-0.418717365905281,-0.145432300864106,0.344060706518698,0.671754219711415,-1.24903142955627,0.200036065874126,0.0218714734182115,0.12993192015538,-0.321590026766654,-0.108286678002301,0.17156620850224,-0.339852928695906,0.171950309781572,-0.213112791187867,-0.720974202384051,-0.739007183258706,-0.201035550100524,-0.263981645607034,0.318314043261803,0.404723825983676,-0.201528707904476,0.2381391694488,0.299745126757669,-0.24853448590129,0.0917006652082409,0.335267786058412,-0.457729685457682,0.192214506078182,-1.22375729330541,0.421686245099349,-0.374966031152461,0.561124736878022,0.106600302951736,0.549262033015966,-0.200742639226899,-0.00365310637898179,-0.182368036643803,-0.611846804636807,0.109644597067604,0.217328218348532,0.0282747269313518,0.0305184530503345,0.190299705187969,0.208730446093173,-1.89734893182122,0.0409711499006206,0.0186804199694723,-0.0674689726140134,-0.476956679141181,-0.496804922500924,-0.0314615108588489,-0.322477359730143,-0.688138350862657,-0.98803082874705,0.0731103584572515,0.103963529143296,0.186867916820855,0.138686317773195,-0.258619128467496,0.138056800401766,-0.212644375236157,0.210206742334169,-0.0222549082616469,-0.451579054131709,0.0333282409015014,0.74533313487445,-0.065779352068129,-0.00873963433926677,-0.145421210685639,-0.00152632809446642,-0.245505437514286,-0.471039946434961,0.0576428561801361,-0.208480386484653,-0.0345895564423089,-0.107918563523236,0.134376873063266,0.0801345673682658,0.710839643231903,-0.0249398716239384,0.982204609032334,-0.269001323328973,-0.132212454102802,-0.170572419127213,-0.0460327047295648,-0.0166183610630335,-0.223904249849432,0.0704347472712518,0.0770972151979043,0.113780577837028,0.261852997836507,-0.0267618281241243,0.0214993405317022,0.178262774839083,163.323261856868
"28","NKE",7.73924120535938,-2.33199717583545,9.86142226289141,0.0988342372175261,-3.08182239526094,0.3892564043512,-2.84152878978475,-1.19445605434343,2.8659636841684,1.20092855232703,0.776687271757721,-0.563988044231552,-3.37374667291838,1.85072951791443,-2.74634557575762,-0.133155192076787,0.352517345612835,3.65032797710856,1.22160689836281,-0.478435380703592,-1.72610371227009,-0.434124706297021,1.38250987697884,1.83969932118108,0.377774335786495,-0.553715700136686,0.32923167916265,-2.48000411541375,-0.424394437595564,0.0790105520141835,0.198634205409451,0.00898458281203714,-0.955283306481561,-0.39547596468183,0.771826001531119,-0.747028430000566,-0.238562880451241,1.2023740934832,0.51164006966023,0.118221093955779,-2.14164311474088,-1.02864281546511,-0.89013313008855,0.511247570370788,0.52834717618665,-0.472363405819615,-0.644515734350919,0.36229410515644,0.102544807745166,-0.0529996960581561,0.212127152660496,0.400296407258827,0.505885766698047,0.688704679153065,-0.553846294611258,-0.256612584062549,0.0158164111352777,0.769097606373223,-0.239128623194456,0.37999429071244,-0.0755715827617639,0.644249726887281,-0.359579813365587,-0.114296706447578,-0.131544790203913,-0.533418460172502,0.179680848339194,-1.32528057996548,-0.538488803783784,-0.509738375192899,-0.198279152906113,0.274705871886981,-0.133836552330502,0.559915864639172,-0.692611861496294,0.776700192511167,0.236839703601321,-0.162051041937885,0.00616531551881816,-0.152681527434077,-0.422373400353454,0.126480873728885,0.795034109080297,-0.129177637314582,-0.858727109764179,1.10033854923617,0.273111585452023,-0.101435924997841,-0.329369306708847,0.223788493737264,-0.0325223948511811,0.118240733562842,0.150413734043488,-0.79134371559678,-1.69703921197397,0.218904732835207,0.21782989488457,-0.252109302385775,-1.86150428103372,-0.221296155349,-0.319271750916422,0.34950918694019,-0.901800408991318,-0.514650080534145,-0.80552867800269,-0.181957606545466,-0.237680515130261,-0.883021493634325,0.473060461792155,0.175798335469982,0.0773797771666831,0.132274028625544,-0.106127498800958,0.0389464095147439,-0.901915854213782,0.0992075089056505,-0.0664101894171993,-0.364637850669829,0.113340938352631,0.587022902089205,-0.185644398316702,0.0930258361605822,0.0875035460286128,-0.209732033445762,0.221314090210817,-0.149069445190011,0.76361717781525,0.0682959665024907,-0.0281466994626488,0.109334344967239,-0.519350810833217,-0.00992706147988873,-0.134993754782367,-0.0661372885938867,0.0125894686454871,-0.187632387042555,-0.293490290732016,-0.387058664328738,-0.288199436412107,-0.507673296442587,-1.07410288515591,-0.277455126738288,0.00924355872287245,-0.0367271573265074,-0.0450415605879845,0.0814444767342059,0.144205826638718,-0.0881899793825326,116.066302752927
"29","MCD",5.19354106750386,-2.53696824392712,5.55585648780703,5.33444408298893,-2.39083012698748,-1.76071229685397,0.00204778197634515,-0.153310870692866,0.620747596278555,3.04291169202975,-0.935217286785937,2.38765820551744,-1.60082360732313,1.34962463955964,-2.24691503462927,0.372329577471206,0.485595516485993,0.722242359796626,-0.0459819863446951,0.154980584974258,-1.03328278246172,0.413670526266326,0.159882435673268,0.580343091226118,1.11973491156243,0.705712675505472,0.816611870653847,-0.323607838819593,-2.11303506638674,0.010243679501014,0.469075157655536,-0.592362526765901,-1.25307322368311,-0.019641979518579,1.06410328307838,0.0300843410860093,-0.49908095394999,0.296345502712592,-1.10670865762593,0.167538058451287,-0.689976753443643,0.561987735733641,-0.616450416183637,-0.181073734418628,-0.597661545722807,0.0518448858971974,-0.721425363997462,-0.253945400860554,1.08914899473692,0.191750240746118,-0.0350029751635572,-0.0491721715044027,-0.0433117325665061,0.337408496939424,-0.241502745173033,0.131430411494251,0.450569484456031,0.614827999017156,-0.649492392948878,0.228268201888767,-0.763065184610581,-0.299080921051694,-0.179030441682817,-0.124638339738427,0.193812665474738,-0.128473886127417,-0.00894601085549016,-0.731929011219925,0.35506717545445,-0.161265915608894,-0.0868531431902861,-0.290146617612443,0.113888825341566,0.309185676479202,-0.371837493580869,0.663869039607889,0.467755636886013,-0.23852571430093,-0.0567782106727162,0.0154916236119622,-0.00511717821359249,0.255421852720859,0.587371378011646,-0.126894256632976,-1.48924328342958,-0.109331039242485,-0.618211117396428,0.678584180769197,-0.214899294583573,0.14599494130876,0.427355243210864,-0.162532032012189,-0.0980911881544747,0.0481116158034843,-0.219704316986668,0.261131441240579,0.781697985706062,0.803372735646641,-0.973402450115157,0.0241520061104307,0.139228070989072,-0.345032738838062,-0.284806106988066,0.258159234497552,-0.408219730082449,-0.959860498095939,-0.12240639857967,0.653215376230691,0.453169291889059,0.0363433418566288,-0.0456071462242726,-0.0229943296938676,-0.0157642136878637,-0.24467239587167,0.0471110673408081,0.000487672892388553,0.0974598889843026,-0.0515804879457414,-0.0990418192087765,0.345553539517218,-0.0519908456016608,-0.312194581083187,0.351385458822053,0.00924605041583636,0.0181519087170449,-0.550306810419908,0.132129223415894,-0.061939767261102,-0.108911016445204,-0.126263961566593,0.000670559450132318,-0.0151080116493811,0.661028431925395,-0.0176134411279005,0.463723562748112,0.0103700196645547,-0.361898865110952,-0.408324088326401,-0.154414961039816,0.236879821806202,-0.421903112592634,0.127262287953393,0.0289968832058566,0.0224968167470204,0.392945567261476,0.0482671800909888,-0.0605980583098539,0.0904196780373638,211.455629898308
"30","MRK",5.19423558425506,-0.105561513155193,6.43330156349506,3.10815011920289,-2.1802649644201,-1.18796562845362,0.05209169800712,-3.67112536787792,2.1853821291867,-1.4362274070456,-1.6266736355195,2.04587855362854,-2.13086649529031,-0.152424980259122,-1.26820760564393,-0.39182181919491,-0.207263599511217,0.921906293616372,0.788266048971309,-0.0278953411830184,-0.0388801180452975,-0.987441624868005,0.443632879919463,-0.525774426865295,0.925491874268591,0.357617338632586,-1.08543020397428,0.697630977539874,-1.5849392494934,0.0643104546779565,-0.10308385131579,-0.0402410322420238,-0.774041100967475,-0.262328240916615,0.779424528817284,-0.00802820589569508,-0.445101825179126,0.543050338325016,-0.655530659439832,0.274661706739446,-0.959006666124704,2.71713825344527,-0.256007723888713,0.0605459004495762,0.125703140631285,-0.0756562738005939,-0.19916294567024,0.12099672547629,0.35372765542431,0.0806321163400617,0.241782341043482,0.231702658899527,0.201202924009643,0.527817148975162,-0.0517508207605389,-0.233996553650744,0.653975180732299,0.749004444503057,-0.488841525675463,0.334834041947925,-0.231422202735513,0.816241678181961,0.0235964804352352,-0.108263953389953,0.0661793271495751,0.410669661461056,-0.38448232754241,-1.12915664771523,0.0233029597636326,-0.832521589959128,-0.360294975838793,-0.063586010019687,0.165772872994322,0.576924974402563,-0.519577663681305,0.995811526789521,0.158952974014655,-0.497127937859254,-0.147561553742082,0.364885645299028,-0.0506737504721137,0.00508921170936056,1.01505390652439,0.513401641477255,0.265984644938047,0.784269509035545,-0.0990121355590033,-0.506079391634234,-0.137178461810417,0.00808627827875855,-0.0757546948490799,-0.325947291207046,-0.0748470762607485,0.159935309198657,-0.129817018404575,0.280537100930187,-1.07546582548235,0.179955342203161,-0.505016199153388,0.262851562795522,-0.150620904846236,-0.244974147758656,-0.67748874706761,0.573289186817995,-0.383847381614371,0.133286067699084,-0.466404282803592,0.926518883035234,0.354666547392122,-0.0700022635578443,-0.0660501062244901,-0.0818507307974487,-0.0271723957013293,-0.143030724038056,-0.0753375216675446,-0.144989004837037,-0.0161996771375537,0.12525412376171,-0.118336438581582,0.206945111532568,-0.121931682147528,-0.0667428246691056,0.342064871714982,-0.0263887423330815,0.170462285494279,-0.0469682385585776,0.205223995741194,-0.0763531999196937,0.0556346826483432,-0.097410463330345,-0.026484060388184,-0.0807027216788509,-0.221773329621856,-0.00988698621638965,0.18305031083428,-0.162268067568366,-0.356697710512887,-1.21922011032023,-0.0421311287933412,-0.13824039683398,0.191804834612167,0.236111617009121,0.113193357411998,-0.0516329254489514,0.123753748551189,-0.00117839340797106,0.0208182063943764,-0.0100697028675206,87.6663647097514
