Date,Ticker,next_close,next_close_2,next_close_3,next_close_5,next_close_10
2016-01-29,MRK,44.33,44.04,43.72,43.14,42.83
2016-02-01,MRK,44.04,43.72,42.45,42.66,43.49
2016-02-02,MRK,43.72,42.45,43.14,42.94,44.2
2016-02-03,MRK,42.45,43.14,42.66,43.27,43.96
2016-02-04,MRK,43.14,42.66,42.94,42.67,43.78
2016-02-05,MRK,42.66,42.94,43.27,42.83,44.35
2016-02-08,MRK,42.94,43.27,42.67,43.49,44.15
2016-02-09,MRK,43.27,42.67,42.83,44.2,44.17
2016-02-10,MRK,42.67,42.83,43.49,43.96,44.55
2016-02-11,MRK,42.83,43.49,44.2,43.78,44.24
2016-02-12,MRK,43.49,44.2,43.96,44.35,43.86
2016-02-16,MRK,44.2,43.96,43.78,44.15,45.21
2016-02-17,MRK,43.96,43.78,44.35,44.17,45.66
2016-02-18,MRK,43.78,44.35,44.15,44.55,45.51
2016-02-19,MRK,44.35,44.15,44.17,44.24,45.49
2016-02-22,MRK,44.15,44.17,44.55,43.86,45.98
2016-02-23,MRK,44.17,44.55,44.24,45.21,45.82
2016-02-24,MRK,44.55,44.24,43.86,45.66,45.74
2016-02-25,MRK,44.24,43.86,45.21,45.51,46.33
2016-02-26,MRK,43.86,45.21,45.66,45.49,46.88
2016-02-29,MRK,45.21,45.66,45.51,45.98,46.77
2016-03-01,MRK,45.66,45.51,45.49,45.82,46.19
2016-03-02,MRK,45.51,45.49,45.98,45.74,45.77
2016-03-03,MRK,45.49,45.98,45.82,46.33,45.41
2016-03-04,MRK,45.98,45.82,45.74,46.88,46.04
2016-03-07,MRK,45.82,45.74,46.33,46.77,46.53
2016-03-08,MRK,45.74,46.33,46.88,46.19,46.73
2016-03-09,MRK,46.33,46.88,46.77,45.77,46.77
2016-03-10,MRK,46.88,46.77,46.19,45.41,46.76
2016-03-11,MRK,46.77,46.19,45.77,46.04,46.55
2016-03-14,MRK,46.19,45.77,45.41,46.53,46.98
2016-03-15,MRK,45.77,45.41,46.04,46.73,46.9
2016-03-16,MRK,45.41,46.04,46.53,46.77,46.62
2016-03-17,MRK,46.04,46.53,46.73,46.76,47.32
2016-03-18,MRK,46.53,46.73,46.77,46.55,47.94
2016-03-21,MRK,46.73,46.77,46.76,46.98,47.8
2016-03-22,MRK,46.77,46.76,46.55,46.9,49.02
2016-03-23,MRK,46.76,46.55,46.98,46.62,48.84
2016-03-24,MRK,46.55,46.98,46.9,47.32,48.78
2016-03-28,MRK,46.98,46.9,46.62,47.94,48.51
2016-03-29,MRK,46.9,46.62,47.32,47.8,48.76
2016-03-30,MRK,46.62,47.32,47.94,49.02,49.31
2016-03-31,MRK,47.32,47.94,47.8,48.84,49.74
2016-04-01,MRK,47.94,47.8,49.02,48.78,49.47
2016-04-04,MRK,47.8,49.02,48.84,48.51,49.8
2016-04-05,MRK,49.02,48.84,48.78,48.76,50.1
2016-04-06,MRK,48.84,48.78,48.51,49.31,49.86
2016-04-07,MRK,48.78,48.51,48.76,49.74,49.88
2016-04-08,MRK,48.51,48.76,49.31,49.47,50.0
2016-04-11,MRK,48.76,49.31,49.74,49.8,49.54
2016-04-12,MRK,49.31,49.74,49.47,50.1,49.38
2016-04-13,MRK,49.74,49.47,49.8,49.86,49.62
2016-04-14,MRK,49.47,49.8,50.1,49.88,49.12
2016-04-15,MRK,49.8,50.1,49.86,50.0,48.32
2016-04-18,MRK,50.1,49.86,49.88,49.54,48.73
2016-04-19,MRK,49.86,49.88,50.0,49.38,48.54
2016-04-20,MRK,49.88,50.0,49.54,49.62,48.3
2016-04-21,MRK,50.0,49.54,49.38,49.12,47.66
2016-04-22,MRK,49.54,49.38,49.62,48.32,47.23
2016-04-25,MRK,49.38,49.62,49.12,48.73,47.67
2016-04-26,MRK,49.62,49.12,48.32,48.54,48.18
2016-04-27,MRK,49.12,48.32,48.73,48.3,47.86
2016-04-28,MRK,48.32,48.73,48.54,47.66,47.69
2016-04-29,MRK,48.73,48.54,48.3,47.23,47.48
2016-05-02,MRK,48.54,48.3,47.66,47.67,48.16
2016-05-03,MRK,48.3,47.66,47.23,48.18,47.87
2016-05-04,MRK,47.66,47.23,47.67,47.86,48.17
2016-05-05,MRK,47.23,47.67,48.18,47.69,48.1
2016-05-06,MRK,47.67,48.18,47.86,47.48,48.56
2016-05-09,MRK,48.18,47.86,47.69,48.16,48.39
2016-05-10,MRK,47.86,47.69,47.48,47.87,48.99
2016-05-11,MRK,47.69,47.48,48.16,48.17,49.85
2016-05-12,MRK,47.48,48.16,47.87,48.1,49.69
2016-05-13,MRK,48.16,47.87,48.17,48.56,49.77
2016-05-16,MRK,47.87,48.17,48.1,48.39,49.58
2016-05-17,MRK,48.17,48.1,48.56,48.99,49.64
2016-05-18,MRK,48.1,48.56,48.39,49.85,50.07
2016-05-19,MRK,48.56,48.39,48.99,49.69,49.91
2016-05-20,MRK,48.39,48.99,49.85,49.77,50.38
2016-05-23,MRK,48.99,49.85,49.69,49.58,50.23
2016-05-24,MRK,49.85,49.69,49.77,49.64,50.77
2016-05-25,MRK,49.69,49.77,49.58,50.07,50.39
2016-05-26,MRK,49.77,49.58,49.64,49.91,50.06
2016-05-27,MRK,49.58,49.64,50.07,50.38,49.85
2016-05-31,MRK,49.64,50.07,49.91,50.23,49.97
2016-06-01,MRK,50.07,49.91,50.38,50.77,49.83
2016-06-02,MRK,49.91,50.38,50.23,50.39,51.08
2016-06-03,MRK,50.38,50.23,50.77,50.06,49.65
2016-06-06,MRK,50.23,50.77,50.39,49.85,49.87
2016-06-07,MRK,50.77,50.39,50.06,49.97,49.97
2016-06-08,MRK,50.39,50.06,49.85,49.83,50.67
2016-06-09,MRK,50.06,49.85,49.97,51.08,51.24
2016-06-10,MRK,49.85,49.97,49.83,49.65,49.64
2016-06-13,MRK,49.97,49.83,51.08,49.87,49.14
2016-06-14,MRK,49.83,51.08,49.65,49.97,49.38
2016-06-15,MRK,51.08,49.65,49.87,50.67,50.68
2016-06-16,MRK,49.65,49.87,49.97,51.24,51.18
2016-06-17,MRK,49.87,49.97,50.67,49.64,51.47
2016-06-20,MRK,49.97,50.67,51.24,49.14,51.53
2016-06-21,MRK,50.67,51.24,49.64,49.38,52.56
2016-06-22,MRK,51.24,49.64,49.14,50.68,52.22
2016-06-23,MRK,49.64,49.14,49.38,51.18,52.73
2016-06-24,MRK,49.14,49.38,50.68,51.47,52.72
2016-06-27,MRK,49.38,50.68,51.18,51.53,52.95
2016-06-28,MRK,50.68,51.18,51.47,52.56,52.9
2016-06-29,MRK,51.18,51.47,51.53,52.22,52.99
2016-06-30,MRK,51.47,51.53,52.56,52.73,52.97
2016-07-01,MRK,51.53,52.56,52.22,52.72,52.43
2016-07-05,MRK,52.56,52.22,52.73,52.95,52.11
2016-07-06,MRK,52.22,52.73,52.72,52.9,52.23
2016-07-07,MRK,52.73,52.72,52.95,52.99,52.23
2016-07-08,MRK,52.72,52.95,52.9,52.97,52.25
2016-07-11,MRK,52.95,52.9,52.99,52.43,52.02
2016-07-12,MRK,52.9,52.99,52.97,52.11,51.85
2016-07-13,MRK,52.99,52.97,52.43,52.23,52.06
2016-07-14,MRK,52.97,52.43,52.11,52.23,51.91
2016-07-15,MRK,52.43,52.11,52.23,52.25,52.11
2016-07-18,MRK,52.11,52.23,52.23,52.02,52.11
2016-07-19,MRK,52.23,52.23,52.25,51.85,51.82
2016-07-20,MRK,52.23,52.25,52.02,52.06,51.22
2016-07-21,MRK,52.25,52.02,51.85,51.91,51.38
2016-07-22,MRK,52.02,51.85,52.06,52.11,56.73
2016-07-25,MRK,51.85,52.06,51.91,52.11,55.84
2016-07-26,MRK,52.06,51.91,52.11,51.82,55.51
2016-07-27,MRK,51.91,52.11,52.11,51.22,55.65
2016-07-28,MRK,52.11,52.11,51.82,51.38,56.53
2016-07-29,MRK,52.11,51.82,51.22,56.73,56.28
2016-08-01,MRK,51.82,51.22,51.38,55.84,56.25
2016-08-02,MRK,51.22,51.38,56.73,55.51,56.0
2016-08-03,MRK,51.38,56.73,55.84,55.65,56.23
2016-08-04,MRK,56.73,55.84,55.51,56.53,56.53
2016-08-05,MRK,55.84,55.51,55.65,56.28,56.29
2016-08-08,MRK,55.51,55.65,56.53,56.25,56.46
2016-08-09,MRK,55.65,56.53,56.28,56.0,56.48
2016-08-10,MRK,56.53,56.28,56.25,56.23,55.73
2016-08-11,MRK,56.28,56.25,56.0,56.53,55.36
2016-08-12,MRK,56.25,56.0,56.23,56.29,55.83
2016-08-15,MRK,56.0,56.23,56.53,56.46,55.98
2016-08-16,MRK,56.23,56.53,56.29,56.48,55.71
2016-08-17,MRK,56.53,56.29,56.46,55.73,55.78
2016-08-18,MRK,56.29,56.46,56.48,55.36,55.88
2016-08-19,MRK,56.46,56.48,55.73,55.83,55.95
2016-08-22,MRK,56.48,55.73,55.36,55.98,56.18
2016-08-23,MRK,55.73,55.36,55.83,55.71,55.85
2016-08-24,MRK,55.36,55.83,55.98,55.78,56.18
2016-08-25,MRK,55.83,55.98,55.71,55.88,55.51
2016-08-26,MRK,55.98,55.71,55.78,55.95,56.14
2016-08-29,MRK,55.71,55.78,55.88,56.18,55.31
2016-08-30,MRK,55.78,55.88,55.95,55.85,54.9
2016-08-31,MRK,55.88,55.95,56.18,56.18,55.82
2016-09-01,MRK,55.95,56.18,55.85,55.51,55.73
2016-09-02,MRK,56.18,55.85,56.18,56.14,54.88
2016-09-06,MRK,55.85,56.18,55.51,55.31,55.43
2016-09-07,MRK,56.18,55.51,56.14,54.9,56.11
2016-09-08,MRK,55.51,56.14,55.31,55.82,56.4
2016-09-09,MRK,56.14,55.31,54.9,55.73,56.34
2016-09-12,MRK,55.31,54.9,55.82,54.88,55.62
2016-09-13,MRK,54.9,55.82,55.73,55.43,55.99
2016-09-14,MRK,55.82,55.73,54.88,56.11,56.65
2016-09-15,MRK,55.73,54.88,55.43,56.4,55.4
2016-09-16,MRK,54.88,55.43,56.11,56.34,55.85
2016-09-19,MRK,55.43,56.11,56.4,55.62,55.95
2016-09-20,MRK,56.11,56.4,56.34,55.99,55.9
2016-09-21,MRK,56.4,56.34,55.62,56.65,56.2
2016-09-22,MRK,56.34,55.62,55.99,55.4,56.07
2016-09-23,MRK,55.62,55.99,56.65,55.85,56.17
2016-09-26,MRK,55.99,56.65,55.4,55.95,57.18
2016-09-27,MRK,56.65,55.4,55.85,55.9,55.42
2016-09-28,MRK,55.4,55.85,55.95,56.2,55.18
2016-09-29,MRK,55.85,55.95,55.9,56.07,55.94
2016-09-30,MRK,55.95,55.9,56.2,56.17,55.61
2016-10-03,MRK,55.9,56.2,56.07,57.18,55.05
2016-10-04,MRK,56.2,56.07,56.17,55.42,55.56
2016-10-05,MRK,56.07,56.17,57.18,55.18,55.37
2016-10-06,MRK,56.17,57.18,55.42,55.94,55.41
2016-10-07,MRK,57.18,55.42,55.18,55.61,54.77
2016-10-10,MRK,55.42,55.18,55.94,55.05,54.36
2016-10-11,MRK,55.18,55.94,55.61,55.56,55.44
2016-10-12,MRK,55.94,55.61,55.05,55.37,54.47
2016-10-13,MRK,55.61,55.05,55.56,55.41,54.85
2016-10-14,MRK,55.05,55.56,55.37,54.77,52.66
2016-10-17,MRK,55.56,55.37,55.41,54.36,52.55
2016-10-18,MRK,55.37,55.41,54.77,55.44,53.07
2016-10-19,MRK,55.41,54.77,54.36,54.47,52.66
2016-10-20,MRK,54.77,54.36,55.44,54.85,52.29
2016-10-21,MRK,54.36,55.44,54.47,52.66,52.64
2016-10-24,MRK,55.44,54.47,54.85,52.55,53.74
2016-10-25,MRK,54.47,54.85,52.66,53.07,54.15
2016-10-26,MRK,54.85,52.66,52.55,52.66,57.43
2016-10-27,MRK,52.66,52.55,53.07,52.29,58.13
2016-10-28,MRK,52.55,53.07,52.66,52.64,57.23
2016-10-31,MRK,53.07,52.66,52.29,53.74,56.85
2016-11-01,MRK,52.66,52.29,52.64,54.15,56.96
2016-11-02,MRK,52.29,52.64,53.74,57.43,56.05
2016-11-03,MRK,52.64,53.74,54.15,58.13,56.11
2016-11-04,MRK,53.74,54.15,57.43,57.23,55.37
2016-11-07,MRK,54.15,57.43,58.13,56.85,55.75
2016-11-08,MRK,57.43,58.13,57.23,56.96,55.21
2016-11-09,MRK,58.13,57.23,56.85,56.05,55.16
2016-11-10,MRK,57.23,56.85,56.96,56.11,55.67
2016-11-11,MRK,56.85,56.96,56.05,55.37,55.3
2016-11-14,MRK,56.96,56.05,56.11,55.75,55.65
2016-11-15,MRK,56.05,56.11,55.37,55.21,54.76
2016-11-16,MRK,56.11,55.37,55.75,55.16,54.37
2016-11-17,MRK,55.37,55.75,55.21,55.67,54.7
2016-11-18,MRK,55.75,55.21,55.16,55.3,53.92
2016-11-21,MRK,55.21,55.16,55.67,55.65,53.94
2016-11-22,MRK,55.16,55.67,55.3,54.76,53.75
2016-11-23,MRK,55.67,55.3,55.65,54.37,53.8
2016-11-25,MRK,55.3,55.65,54.76,54.7,54.79
2016-11-28,MRK,55.65,54.76,54.37,53.92,55.23
2016-11-29,MRK,54.76,54.37,54.7,53.94,55.72
2016-11-30,MRK,54.37,54.7,53.92,53.75,55.73
2016-12-01,MRK,54.7,53.92,53.94,53.8,56.24
2016-12-02,MRK,53.92,53.94,53.75,54.79,56.31
2016-12-05,MRK,53.94,53.75,53.8,55.23,55.13
2016-12-06,MRK,53.75,53.8,54.79,55.72,54.56
2016-12-07,MRK,53.8,54.79,55.23,55.73,53.59
2016-12-08,MRK,54.79,55.23,55.72,56.24,53.73
2016-12-09,MRK,55.23,55.72,55.73,56.31,53.71
2016-12-12,MRK,55.72,55.73,56.24,55.13,53.92
2016-12-13,MRK,55.73,56.24,56.31,54.56,53.45
2016-12-14,MRK,56.24,56.31,55.13,53.59,53.24
2016-12-15,MRK,56.31,55.13,54.56,53.73,53.09
2016-12-16,MRK,55.13,54.56,53.59,53.71,54.24
2016-12-19,MRK,54.56,53.59,53.73,53.92,54.22
2016-12-20,MRK,53.59,53.73,53.71,53.45,54.2
2016-12-21,MRK,53.73,53.71,53.92,53.24,54.35
2016-12-22,MRK,53.71,53.92,53.45,53.09,55.1
2016-12-23,MRK,53.92,53.45,53.24,54.24,54.03
2016-12-27,MRK,53.45,53.24,53.09,54.22,55.58
2016-12-28,MRK,53.24,53.09,54.24,54.2,56.1
2016-12-29,MRK,53.09,54.24,54.22,54.35,56.22
2016-12-30,MRK,54.24,54.22,54.2,55.1,55.44
2017-01-03,MRK,54.22,54.2,54.35,54.03,55.16
2017-01-04,MRK,54.2,54.35,55.1,55.58,54.4
2017-01-05,MRK,54.35,55.1,54.03,56.1,56.39
2017-01-06,MRK,55.1,54.03,55.58,56.22,55.74
2017-01-09,MRK,54.03,55.58,56.1,55.44,55.2
2017-01-10,MRK,55.58,56.1,56.22,55.16,55.08
2017-01-11,MRK,56.1,56.22,55.44,54.4,55.19
2017-01-12,MRK,56.22,55.44,55.16,56.39,55.68
2017-01-13,MRK,55.44,55.16,54.4,55.74,55.4
2017-01-17,MRK,55.16,54.4,56.39,55.2,55.9
2017-01-18,MRK,54.4,56.39,55.74,55.08,56.0
2017-01-19,MRK,56.39,55.74,55.2,55.19,57.88
2017-01-20,MRK,55.74,55.2,55.08,55.68,57.97
2017-01-23,MRK,55.2,55.08,55.19,55.4,58.56
2017-01-24,MRK,55.08,55.19,55.68,55.9,57.89
2017-01-25,MRK,55.19,55.68,55.4,56.0,58.0
2017-01-26,MRK,55.68,55.4,55.9,57.88,58.06
2017-01-27,MRK,55.4,55.9,56.0,57.97,57.85
2017-01-30,MRK,55.9,56.0,57.88,58.56,58.41
2017-01-31,MRK,56.0,57.88,57.97,57.89,59.21
2017-02-01,MRK,57.88,57.97,58.56,58.0,58.76
2017-02-02,MRK,57.97,58.56,57.89,58.06,58.85
2017-02-03,MRK,58.56,57.89,58.0,57.85,58.97
2017-02-06,MRK,57.89,58.0,58.06,58.41,59.05
2017-02-07,MRK,58.0,58.06,57.85,59.21,58.88
2017-02-08,MRK,58.06,57.85,58.41,58.76,59.38
2017-02-09,MRK,57.85,58.41,59.21,58.85,59.66
2017-02-10,MRK,58.41,59.21,58.76,58.97,59.38
2017-02-13,MRK,59.21,58.76,58.85,59.05,59.4
2017-02-14,MRK,58.76,58.85,58.97,58.88,59.71
2017-02-15,MRK,58.85,58.97,59.05,59.38,59.59
2017-02-16,MRK,58.97,59.05,58.88,59.66,60.04
2017-02-17,MRK,59.05,58.88,59.38,59.38,59.94
2017-02-21,MRK,58.88,59.38,59.66,59.4,59.48
2017-02-22,MRK,59.38,59.66,59.38,59.71,59.34
2017-02-23,MRK,59.66,59.38,59.4,59.59,59.42
2017-02-24,MRK,59.38,59.4,59.71,60.04,59.16
2017-02-27,MRK,59.4,59.71,59.59,59.94,58.27
2017-02-28,MRK,59.71,59.59,60.04,59.48,58.31
2017-03-01,MRK,59.59,60.04,59.94,59.34,58.76
2017-03-02,MRK,60.04,59.94,59.48,59.42,58.29
2017-03-03,MRK,59.94,59.48,59.34,59.16,58.04
2017-03-06,MRK,59.48,59.34,59.42,58.27,58.23
2017-03-07,MRK,59.34,59.42,59.16,58.31,58.05
2017-03-08,MRK,59.42,59.16,58.27,58.76,57.68
2017-03-09,MRK,59.16,58.27,58.31,58.29,57.48
2017-03-10,MRK,58.27,58.31,58.76,58.04,57.38
2017-03-13,MRK,58.31,58.76,58.29,58.23,57.39
2017-03-14,MRK,58.76,58.29,58.04,58.05,57.53
2017-03-15,MRK,58.29,58.04,58.23,57.68,57.8
2017-03-16,MRK,58.04,58.23,58.05,57.48,57.63
2017-03-17,MRK,58.23,58.05,57.68,57.38,57.71
2017-03-20,MRK,58.05,57.68,57.48,57.39,57.65
2017-03-21,MRK,57.68,57.48,57.38,57.53,57.83
2017-03-22,MRK,57.48,57.38,57.39,57.8,57.74
2017-03-23,MRK,57.38,57.39,57.53,57.63,57.44
2017-03-24,MRK,57.39,57.53,57.8,57.71,57.34
2017-03-27,MRK,57.53,57.8,57.63,57.65,56.81
2017-03-28,MRK,57.8,57.63,57.71,57.83,56.84
2017-03-29,MRK,57.63,57.71,57.65,57.74,57.27
2017-03-30,MRK,57.71,57.65,57.83,57.44,56.87
2017-03-31,MRK,57.65,57.83,57.74,57.34,57.04
2017-04-03,MRK,57.83,57.74,57.44,56.81,56.56
2017-04-04,MRK,57.74,57.44,57.34,56.84,56.89
2017-04-05,MRK,57.44,57.34,56.81,57.27,56.81
2017-04-06,MRK,57.34,56.81,56.84,56.87,56.21
2017-04-07,MRK,56.81,56.84,57.27,57.04,56.44
2017-04-10,MRK,56.84,57.27,56.87,56.56,56.59
2017-04-11,MRK,57.27,56.87,57.04,56.89,56.95
2017-04-12,MRK,56.87,57.04,56.56,56.81,56.84
2017-04-13,MRK,57.04,56.56,56.89,56.21,56.61
2017-04-17,MRK,56.56,56.89,56.81,56.44,56.66
2017-04-18,MRK,56.89,56.81,56.21,56.59,56.95
2017-04-19,MRK,56.81,56.21,56.44,56.95,57.79
2017-04-20,MRK,56.21,56.44,56.59,56.84,57.57
2017-04-21,MRK,56.44,56.59,56.95,56.61,58.1
2017-04-24,MRK,56.59,56.95,56.84,56.66,58.14
2017-04-25,MRK,56.95,56.84,56.61,56.95,57.48
2017-04-26,MRK,56.84,56.61,56.66,57.79,58.07
2017-04-27,MRK,56.61,56.66,56.95,57.57,58.52
2017-04-28,MRK,56.66,56.95,57.79,58.1,57.74
2017-05-01,MRK,56.95,57.79,57.57,58.14,57.68
2017-05-02,MRK,57.79,57.57,58.1,57.48,57.94
2017-05-03,MRK,57.57,58.1,58.14,58.07,57.22
2017-05-04,MRK,58.1,58.14,57.48,58.52,58.03
2017-05-05,MRK,58.14,57.48,58.07,57.74,57.93
2017-05-08,MRK,57.48,58.07,58.52,57.68,58.17
2017-05-09,MRK,58.07,58.52,57.74,57.94,58.63
2017-05-10,MRK,58.52,57.74,57.68,57.22,58.97
2017-05-11,MRK,57.74,57.68,57.94,58.03,59.07
2017-05-12,MRK,57.68,57.94,57.22,57.93,58.96
2017-05-15,MRK,57.94,57.22,58.03,58.17,58.93
2017-05-16,MRK,57.22,58.03,57.93,58.63,59.14
2017-05-17,MRK,58.03,57.93,58.17,58.97,59.27
2017-05-18,MRK,57.93,58.17,58.63,59.07,59.46
2017-05-19,MRK,58.17,58.63,58.97,58.96,59.1
2017-05-22,MRK,58.63,58.97,59.07,58.93,58.74
2017-05-23,MRK,58.97,59.07,58.96,59.14,58.18
2017-05-24,MRK,59.07,58.96,58.93,59.27,57.4
2017-05-25,MRK,58.96,58.93,59.14,59.46,58.48
2017-05-26,MRK,58.93,59.14,59.27,59.1,58.48
2017-05-30,MRK,59.14,59.27,59.46,58.74,57.89
2017-05-31,MRK,59.27,59.46,59.1,58.18,57.98
2017-06-01,MRK,59.46,59.1,58.74,57.4,57.82
2017-06-02,MRK,59.1,58.74,58.18,58.48,57.61
2017-06-05,MRK,58.74,58.18,57.4,58.48,58.26
2017-06-06,MRK,58.18,57.4,58.48,57.89,59.04
2017-06-07,MRK,57.4,58.48,58.48,57.98,59.89
2017-06-08,MRK,58.48,58.48,57.89,57.82,60.4
2017-06-09,MRK,58.48,57.89,57.98,57.61,60.53
2017-06-12,MRK,57.89,57.98,57.82,58.26,60.31
2017-06-13,MRK,57.98,57.82,57.61,59.04,59.97
2017-06-14,MRK,57.82,57.61,58.26,59.89,59.62
2017-06-15,MRK,57.61,58.26,59.04,60.4,58.87
2017-06-16,MRK,58.26,59.04,59.89,60.53,58.64
2017-06-19,MRK,59.04,59.89,60.4,60.31,58.8
2017-06-20,MRK,59.89,60.4,60.53,59.97,58.7
2017-06-21,MRK,60.4,60.53,60.31,59.62,57.73
2017-06-22,MRK,60.53,60.31,59.97,58.87,57.79
2017-06-23,MRK,60.31,59.97,59.62,58.64,57.49
2017-06-26,MRK,59.97,59.62,58.87,58.8,57.04
2017-06-27,MRK,59.62,58.87,58.64,58.7,57.44
2017-06-28,MRK,58.87,58.64,58.8,57.73,57.54
2017-06-29,MRK,58.64,58.8,58.7,57.79,57.7
2017-06-30,MRK,58.8,58.7,57.73,57.49,57.28
2017-07-03,MRK,58.7,57.73,57.79,57.04,57.1
2017-07-05,MRK,57.73,57.79,57.49,57.44,57.29
2017-07-06,MRK,57.79,57.49,57.04,57.54,57.59
2017-07-07,MRK,57.49,57.04,57.44,57.7,57.3
2017-07-10,MRK,57.04,57.44,57.54,57.28,57.25
2017-07-11,MRK,57.44,57.54,57.7,57.1,57.06
2017-07-12,MRK,57.54,57.7,57.28,57.29,56.54
2017-07-13,MRK,57.7,57.28,57.1,57.59,58.27
2017-07-14,MRK,57.28,57.1,57.29,57.3,58.66
2017-07-17,MRK,57.1,57.29,57.59,57.25,58.45
2017-07-18,MRK,57.29,57.59,57.3,57.06,58.48
2017-07-19,MRK,57.59,57.3,57.25,56.54,58.04
2017-07-20,MRK,57.3,57.25,57.06,58.27,58.12
2017-07-21,MRK,57.25,57.06,56.54,58.66,57.73
2017-07-24,MRK,57.06,56.54,58.27,58.45,57.5
2017-07-25,MRK,56.54,58.27,58.66,58.48,57.02
2017-07-26,MRK,58.27,58.66,58.45,58.04,57.18
2017-07-27,MRK,58.66,58.45,58.48,58.12,56.89
2017-07-28,MRK,58.45,58.48,58.04,57.73,57.07
2017-07-31,MRK,58.48,58.04,58.12,57.5,57.34
2017-08-01,MRK,58.04,58.12,57.73,57.02,57.18
2017-08-02,MRK,58.12,57.73,57.5,57.18,57.37
2017-08-03,MRK,57.73,57.5,57.02,56.89,56.58
2017-08-04,MRK,57.5,57.02,57.18,57.07,56.26
2017-08-07,MRK,57.02,57.18,56.89,57.34,56.7
2017-08-08,MRK,57.18,56.89,57.07,57.18,57.11
2017-08-09,MRK,56.89,57.07,57.34,57.37,56.86
2017-08-10,MRK,57.07,57.34,57.18,56.58,57.38
2017-08-11,MRK,57.34,57.18,57.37,56.26,57.59
2017-08-14,MRK,57.18,57.37,56.58,56.7,57.93
2017-08-15,MRK,57.37,56.58,56.26,57.11,57.75
2017-08-16,MRK,56.58,56.26,56.7,56.86,57.75
2017-08-17,MRK,56.26,56.7,57.11,57.38,58.43
2017-08-18,MRK,56.7,57.11,56.86,57.59,58.4
2017-08-21,MRK,57.11,56.86,57.38,57.93,58.21
2017-08-22,MRK,56.86,57.38,57.59,57.75,58.56
2017-08-23,MRK,57.38,57.59,57.93,57.75,58.85
2017-08-24,MRK,57.59,57.93,57.75,58.43,58.8
2017-08-25,MRK,57.93,57.75,57.75,58.4,59.59
2017-08-28,MRK,57.75,57.75,58.43,58.21,59.89
2017-08-29,MRK,57.75,58.43,58.4,58.56,59.88
2017-08-30,MRK,58.43,58.4,58.21,58.85,60.93
2017-08-31,MRK,58.4,58.21,58.56,58.8,60.97
2017-09-01,MRK,58.21,58.56,58.85,59.59,60.81
2017-09-05,MRK,58.56,58.85,58.8,59.89,60.78
2017-09-06,MRK,58.85,58.8,59.59,59.88,60.63
2017-09-07,MRK,58.8,59.59,59.89,60.93,60.45
2017-09-08,MRK,59.59,59.89,59.88,60.97,60.02
2017-09-11,MRK,59.89,59.88,60.93,60.81,60.07
2017-09-12,MRK,59.88,60.93,60.97,60.78,59.68
2017-09-13,MRK,60.93,60.97,60.81,60.63,59.51
2017-09-14,MRK,60.97,60.81,60.78,60.45,59.25
2017-09-15,MRK,60.81,60.78,60.63,60.02,59.01
2017-09-18,MRK,60.78,60.63,60.45,60.07,59.49
2017-09-19,MRK,60.63,60.45,60.02,59.68,59.32
2017-09-20,MRK,60.45,60.02,60.07,59.51,59.53
2017-09-21,MRK,60.02,60.07,59.68,59.25,59.53
2017-09-22,MRK,60.07,59.68,59.51,59.01,59.49
2017-09-25,MRK,59.68,59.51,59.25,59.49,59.28
2017-09-26,MRK,59.51,59.25,59.01,59.32,59.4
2017-09-27,MRK,59.25,59.01,59.49,59.53,58.78
2017-09-28,MRK,59.01,59.49,59.32,59.53,58.82
2017-09-29,MRK,59.49,59.32,59.53,59.49,58.42
2017-10-02,MRK,59.32,59.53,59.53,59.28,58.37
2017-10-03,MRK,59.53,59.53,59.49,59.4,58.26
2017-10-04,MRK,59.53,59.49,59.28,58.78,58.53
2017-10-05,MRK,59.49,59.28,59.4,58.82,58.75
2017-10-06,MRK,59.28,59.4,58.78,58.42,58.87
2017-10-09,MRK,59.4,58.78,58.82,58.37,58.43
2017-10-10,MRK,58.78,58.82,58.42,58.26,58.16
2017-10-11,MRK,58.82,58.42,58.37,58.53,57.55
2017-10-12,MRK,58.42,58.37,58.26,58.75,57.13
2017-10-13,MRK,58.37,58.26,58.53,58.87,53.67
2017-10-16,MRK,58.26,58.53,58.75,58.43,50.42
2017-10-17,MRK,58.53,58.75,58.87,58.16,50.77
2017-10-18,MRK,58.75,58.87,58.43,57.55,51.0
2017-10-19,MRK,58.87,58.43,58.16,57.13,51.03
2017-10-20,MRK,58.43,58.16,57.55,53.67,51.66
2017-10-23,MRK,58.16,57.55,57.13,50.42,51.5
2017-10-24,MRK,57.55,57.13,53.67,50.77,51.23
2017-10-25,MRK,57.13,53.67,50.42,51.0,52.14
2017-10-26,MRK,53.67,50.42,50.77,51.03,51.8
2017-10-27,MRK,50.42,50.77,51.0,51.66,51.13
2017-10-30,MRK,50.77,51.0,51.03,51.5,50.78
2017-10-31,MRK,51.0,51.03,51.66,51.23,50.68
2017-11-01,MRK,51.03,51.66,51.5,52.14,50.5
2017-11-02,MRK,51.66,51.5,51.23,51.8,50.84
2017-11-03,MRK,51.5,51.23,52.14,51.13,50.87
2017-11-06,MRK,51.23,52.14,51.8,50.78,49.86
2017-11-07,MRK,52.14,51.8,51.13,50.68,50.01
2017-11-08,MRK,51.8,51.13,50.78,50.5,50.11
2017-11-09,MRK,51.13,50.78,50.68,50.84,50.09
2017-11-10,MRK,50.78,50.68,50.5,50.87,50.27
2017-11-13,MRK,50.68,50.5,50.84,49.86,50.62
2017-11-14,MRK,50.5,50.84,50.87,50.01,51.02
2017-11-15,MRK,50.84,50.87,49.86,50.11,50.93
2017-11-16,MRK,50.87,49.86,50.01,50.09,51.49
2017-11-17,MRK,49.86,50.01,50.11,50.27,51.81
2017-11-20,MRK,50.01,50.11,50.09,50.62,51.4
2017-11-21,MRK,50.11,50.09,50.27,51.02,50.09
2017-11-22,MRK,50.09,50.27,50.62,50.93,50.47
2017-11-24,MRK,50.27,50.62,51.02,51.49,51.21
2017-11-27,MRK,50.62,51.02,50.93,51.81,51.92
2017-11-28,MRK,51.02,50.93,51.49,51.4,52.59
2017-11-29,MRK,50.93,51.49,51.81,50.09,52.45
2017-11-30,MRK,51.49,51.81,51.4,50.47,52.06
2017-12-01,MRK,51.81,51.4,50.09,51.21,52.27
2017-12-04,MRK,51.4,50.09,50.47,51.92,52.25
2017-12-05,MRK,50.09,50.47,51.21,52.59,52.26
2017-12-06,MRK,50.47,51.21,51.92,52.45,52.15
2017-12-07,MRK,51.21,51.92,52.59,52.06,52.6
2017-12-08,MRK,51.92,52.59,52.45,52.27,52.38
2017-12-11,MRK,52.59,52.45,52.06,52.25,52.36
2017-12-12,MRK,52.45,52.06,52.27,52.26,52.36
2017-12-13,MRK,52.06,52.27,52.25,52.15,52.6
2017-12-14,MRK,52.27,52.25,52.26,52.6,52.3
2017-12-15,MRK,52.25,52.26,52.15,52.38,52.25
2017-12-18,MRK,52.26,52.15,52.6,52.36,52.18
2017-12-19,MRK,52.15,52.6,52.38,52.36,53.02
2017-12-20,MRK,52.6,52.38,52.36,52.6,52.97
2017-12-21,MRK,52.38,52.36,52.36,52.3,52.66
2017-12-22,MRK,52.36,52.36,52.6,52.25,52.79
2017-12-26,MRK,52.36,52.6,52.3,52.18,53.25
2017-12-27,MRK,52.6,52.3,52.25,53.02,53.53
2017-12-28,MRK,52.3,52.25,52.18,52.97,54.52
2017-12-29,MRK,52.25,52.18,53.02,52.66,57.69
2018-01-02,MRK,52.18,53.02,52.97,52.79,57.65
2018-01-03,MRK,53.02,52.97,52.66,53.25,56.81
2018-01-04,MRK,52.97,52.66,52.79,53.53,56.95
2018-01-05,MRK,52.66,52.79,53.25,54.52,56.93
2018-01-08,MRK,52.79,53.25,53.53,57.69,57.34
2018-01-09,MRK,53.25,53.53,54.52,57.65,56.86
2018-01-10,MRK,53.53,54.52,57.69,56.81,56.97
2018-01-11,MRK,54.52,57.69,57.65,56.95,57.66
2018-01-12,MRK,57.69,57.65,56.81,56.93,57.28
2018-01-16,MRK,57.65,56.81,56.95,57.34,56.37
2018-01-17,MRK,56.81,56.95,56.93,56.86,55.07
2018-01-18,MRK,56.95,56.93,57.34,56.97,55.63
2018-01-19,MRK,56.93,57.34,56.86,57.66,54.43
2018-01-22,MRK,57.34,56.86,56.97,57.28,52.42
2018-01-23,MRK,56.86,56.97,57.66,56.37,51.54
2018-01-24,MRK,56.97,57.66,57.28,55.07,51.94
2018-01-25,MRK,57.66,57.28,56.37,55.63,50.87
2018-01-26,MRK,57.28,56.37,55.07,54.43,51.0
2018-01-29,MRK,56.37,55.07,55.63,52.42,51.52
2018-01-30,MRK,55.07,55.63,54.43,51.54,51.02
2018-01-31,MRK,55.63,54.43,52.42,51.94,51.02
2018-02-01,MRK,54.43,52.42,51.54,50.87,52.04
2018-02-02,MRK,52.42,51.54,51.94,51.0,52.32
2018-02-05,MRK,51.54,51.94,50.87,51.52,51.1
2018-02-06,MRK,51.94,50.87,51.0,51.02,50.7
2018-02-07,MRK,50.87,51.0,51.52,51.02,50.72
2018-02-08,MRK,51.0,51.52,51.02,52.04,51.0
2018-02-09,MRK,51.52,51.02,51.02,52.32,52.1
2018-02-12,MRK,51.02,51.02,52.04,51.1,50.86
2018-02-13,MRK,51.02,52.04,52.32,50.7,50.39
2018-02-14,MRK,52.04,52.32,51.1,50.72,49.91
2018-02-15,MRK,52.32,51.1,50.7,51.0,50.52
2018-02-16,MRK,51.1,50.7,50.72,52.1,50.56
2018-02-20,MRK,50.7,50.72,51.0,50.86,50.47
2018-02-21,MRK,50.72,51.0,52.1,50.39,50.62
2018-02-22,MRK,51.0,52.1,50.86,49.91,50.89
2018-02-23,MRK,52.1,50.86,50.39,50.52,51.25
2018-02-26,MRK,50.86,50.39,49.91,50.56,51.45
2018-02-27,MRK,50.39,49.91,50.52,50.47,51.46
2018-02-28,MRK,49.91,50.52,50.56,50.62,51.38
2018-03-01,MRK,50.52,50.56,50.47,50.89,51.8
2018-03-02,MRK,50.56,50.47,50.62,51.25,52.19
2018-03-05,MRK,50.47,50.62,50.89,51.45,51.22
2018-03-06,MRK,50.62,50.89,51.25,51.46,51.23
2018-03-07,MRK,50.89,51.25,51.45,51.38,51.27
2018-03-08,MRK,51.25,51.45,51.46,51.8,50.74
2018-03-09,MRK,51.45,51.46,51.38,52.19,50.07
2018-03-12,MRK,51.46,51.38,51.8,51.22,50.66
2018-03-13,MRK,51.38,51.8,52.19,51.23,50.39
2018-03-14,MRK,51.8,52.19,51.22,51.27,51.65
2018-03-15,MRK,52.19,51.22,51.23,50.74,51.07
2018-03-16,MRK,51.22,51.23,51.27,50.07,49.94
2018-03-19,MRK,51.23,51.27,50.74,50.66,50.71
2018-03-20,MRK,51.27,50.74,50.07,50.39,51.13
2018-03-21,MRK,50.74,50.07,50.66,51.65,51.12
2018-03-22,MRK,50.07,50.66,50.39,51.07,50.03
2018-03-23,MRK,50.66,50.39,51.65,49.94,52.65
2018-03-26,MRK,50.39,51.65,51.07,50.71,52.96
2018-03-27,MRK,51.65,51.07,49.94,51.13,52.69
2018-03-28,MRK,51.07,49.94,50.71,51.12,53.2
2018-03-29,MRK,49.94,50.71,51.13,50.03,53.6
2018-04-02,MRK,50.71,51.13,51.12,52.65,54.99
2018-04-03,MRK,51.13,51.12,50.03,52.96,55.57
2018-04-04,MRK,51.12,50.03,52.65,52.69,55.24
2018-04-05,MRK,50.03,52.65,52.96,53.2,54.98
2018-04-06,MRK,52.65,52.96,52.69,53.6,55.15
2018-04-09,MRK,52.96,52.69,53.2,54.99,56.49
2018-04-10,MRK,52.69,53.2,53.6,55.57,56.34
2018-04-11,MRK,53.2,53.6,54.99,55.24,55.9
2018-04-12,MRK,53.6,54.99,55.57,54.98,55.7
2018-04-13,MRK,54.99,55.57,55.24,55.15,55.75
2018-04-16,MRK,55.57,55.24,54.98,56.49,55.19
2018-04-17,MRK,55.24,54.98,55.15,56.34,54.36
2018-04-18,MRK,54.98,55.15,56.49,55.9,53.72
2018-04-19,MRK,55.15,56.49,56.34,55.7,53.94
2018-04-20,MRK,56.49,56.34,55.9,55.75,54.14
2018-04-23,MRK,56.34,55.9,55.7,55.19,53.8
2018-04-24,MRK,55.9,55.7,55.75,54.36,53.21
2018-04-25,MRK,55.7,55.75,55.19,53.72,54.33
2018-04-26,MRK,55.75,55.19,54.36,53.94,54.43
2018-04-27,MRK,55.19,54.36,53.72,54.14,55.96
2018-04-30,MRK,54.36,53.72,53.94,53.8,55.95
2018-05-01,MRK,53.72,53.94,54.14,53.21,55.5
2018-05-02,MRK,53.94,54.14,53.8,54.33,56.02
2018-05-03,MRK,54.14,53.8,53.21,54.43,55.38
2018-05-04,MRK,53.8,53.21,54.33,55.96,55.45
2018-05-07,MRK,53.21,54.33,54.43,55.95,54.91
2018-05-08,MRK,54.33,54.43,55.96,55.5,54.8
2018-05-09,MRK,54.43,55.96,55.95,56.02,55.47
2018-05-10,MRK,55.96,55.95,55.5,55.38,55.44
2018-05-11,MRK,55.95,55.5,56.02,55.45,55.4
2018-05-14,MRK,55.5,56.02,55.38,54.91,54.75
2018-05-15,MRK,56.02,55.38,55.45,54.8,55.99
2018-05-16,MRK,55.38,55.45,54.91,55.47,55.81
2018-05-17,MRK,55.45,54.91,54.8,55.44,56.78
2018-05-18,MRK,54.91,54.8,55.47,55.4,58.15
2018-05-21,MRK,54.8,55.47,55.44,54.75,57.56
2018-05-22,MRK,55.47,55.44,55.4,55.99,58.06
2018-05-23,MRK,55.44,55.4,54.75,55.81,58.12
2018-05-24,MRK,55.4,54.75,55.99,56.78,58.67
2018-05-25,MRK,54.75,55.99,55.81,58.15,58.44
2018-05-29,MRK,55.99,55.81,56.78,57.56,58.54
2018-05-30,MRK,55.81,56.78,58.15,58.06,58.68
2018-05-31,MRK,56.78,58.15,57.56,58.12,58.16
2018-06-01,MRK,58.15,57.56,58.06,58.67,58.6
2018-06-04,MRK,57.56,58.06,58.12,58.44,57.62
2018-06-05,MRK,58.06,58.12,58.67,58.54,57.66
2018-06-06,MRK,58.12,58.67,58.44,58.68,57.9
2018-06-07,MRK,58.67,58.44,58.54,58.16,57.8
2018-06-08,MRK,58.44,58.54,58.68,58.6,58.08
2018-06-11,MRK,58.54,58.68,58.16,57.62,57.71
2018-06-12,MRK,58.68,58.16,58.6,57.66,57.37
2018-06-13,MRK,58.16,58.6,57.62,57.9,56.57
2018-06-14,MRK,58.6,57.62,57.66,57.8,56.97
2018-06-15,MRK,57.62,57.66,57.9,58.08,57.35
2018-06-18,MRK,57.66,57.9,57.8,57.71,57.12
2018-06-19,MRK,57.9,57.8,58.08,57.37,57.36
2018-06-20,MRK,57.8,58.08,57.71,56.57,58.24
2018-06-21,MRK,58.08,57.71,57.37,56.97,58.77
2018-06-22,MRK,57.71,57.37,56.57,57.35,58.6
2018-06-25,MRK,57.37,56.57,56.97,57.12,58.86
2018-06-26,MRK,56.57,56.97,57.35,57.36,58.48
2018-06-27,MRK,56.97,57.35,57.12,58.24,59.2
2018-06-28,MRK,57.35,57.12,57.36,58.77,59.42
2018-06-29,MRK,57.12,57.36,58.24,58.6,59.13
2018-07-02,MRK,57.36,58.24,58.77,58.86,59.08
2018-07-03,MRK,58.24,58.77,58.6,58.48,59.46
2018-07-05,MRK,58.77,58.6,58.86,59.2,59.06
2018-07-06,MRK,58.6,58.86,58.48,59.42,59.07
2018-07-09,MRK,58.86,58.48,59.2,59.13,59.23
2018-07-10,MRK,58.48,59.2,59.42,59.08,59.92
2018-07-11,MRK,59.2,59.42,59.13,59.46,60.93
2018-07-12,MRK,59.42,59.13,59.08,59.06,60.48
2018-07-13,MRK,59.13,59.08,59.46,59.07,59.98
2018-07-16,MRK,59.08,59.46,59.06,59.23,61.23
2018-07-17,MRK,59.46,59.06,59.07,59.92,62.23
2018-07-18,MRK,59.06,59.07,59.23,60.93,61.87
2018-07-19,MRK,59.07,59.23,59.92,60.48,61.62
2018-07-20,MRK,59.23,59.92,60.93,59.98,62.29
2018-07-23,MRK,59.92,60.93,60.48,61.23,62.56
2018-07-24,MRK,60.93,60.48,59.98,62.23,62.9
2018-07-25,MRK,60.48,59.98,61.23,61.87,63.01
2018-07-26,MRK,59.98,61.23,62.23,61.62,62.36
2018-07-27,MRK,61.23,62.23,61.87,62.29,62.42
2018-07-30,MRK,62.23,61.87,61.62,62.56,63.04
2018-07-31,MRK,61.87,61.62,62.29,62.9,62.79
2018-08-01,MRK,61.62,62.29,62.56,63.01,63.65
2018-08-02,MRK,62.29,62.56,62.9,62.36,65.05
2018-08-03,MRK,62.56,62.9,63.01,62.42,65.25
2018-08-06,MRK,62.9,63.01,62.36,63.04,66.29
2018-08-07,MRK,63.01,62.36,62.42,62.79,65.35
2018-08-08,MRK,62.36,62.42,63.04,63.65,65.23
2018-08-09,MRK,62.42,63.04,62.79,65.05,65.16
2018-08-10,MRK,63.04,62.79,63.65,65.25,65.23
2018-08-13,MRK,62.79,63.65,65.05,66.29,65.18
2018-08-14,MRK,63.65,65.05,65.25,65.35,64.84
2018-08-15,MRK,65.05,65.25,66.29,65.23,65.01
2018-08-16,MRK,65.25,66.29,65.35,65.16,64.75
2018-08-17,MRK,66.29,65.35,65.23,65.23,64.8
2018-08-20,MRK,65.35,65.23,65.16,65.18,64.2
2018-08-21,MRK,65.23,65.16,65.23,64.84,64.83
2018-08-22,MRK,65.16,65.23,65.18,65.01,65.55
2018-08-23,MRK,65.23,65.18,64.84,64.75,65.82
2018-08-24,MRK,65.18,64.84,65.01,64.8,65.72
2018-08-27,MRK,64.84,65.01,64.75,64.2,65.27
2018-08-28,MRK,65.01,64.75,64.8,64.83,66.0
2018-08-29,MRK,64.75,64.8,64.2,65.55,66.92
2018-08-30,MRK,64.8,64.2,64.83,65.82,66.57
2018-08-31,MRK,64.2,64.83,65.55,65.72,66.99
2018-09-04,MRK,64.83,65.55,65.82,65.27,66.99
2018-09-05,MRK,65.55,65.82,65.72,66.0,66.57
2018-09-06,MRK,65.82,65.72,65.27,66.92,67.33
2018-09-07,MRK,65.72,65.27,66.0,66.57,67.63
2018-09-10,MRK,65.27,66.0,66.92,66.99,67.33
2018-09-11,MRK,66.0,66.92,66.57,66.99,67.2
2018-09-12,MRK,66.92,66.57,66.99,66.57,66.9
2018-09-13,MRK,66.57,66.99,66.99,67.33,67.27
2018-09-14,MRK,66.99,66.99,66.57,67.63,67.48
2018-09-17,MRK,66.99,66.57,67.33,67.33,68.04
2018-09-18,MRK,66.57,67.33,67.63,67.2,68.25
2018-09-19,MRK,67.33,67.63,67.33,66.9,67.89
2018-09-20,MRK,67.63,67.33,67.2,67.27,67.75
2018-09-21,MRK,67.33,67.2,66.9,67.48,67.57
2018-09-24,MRK,67.2,66.9,67.27,68.04,67.97
2018-09-25,MRK,66.9,67.27,67.48,68.25,68.81
2018-09-26,MRK,67.27,67.48,68.04,67.89,67.01
2018-09-27,MRK,67.48,68.04,68.25,67.75,65.04
2018-09-28,MRK,68.04,68.25,67.89,67.57,66.4
2018-10-01,MRK,68.25,67.89,67.75,67.97,66.07
2018-10-02,MRK,67.89,67.75,67.57,68.81,67.75
2018-10-03,MRK,67.75,67.57,67.97,67.01,68.32
2018-10-04,MRK,67.57,67.97,68.81,65.04,68.69
2018-10-05,MRK,67.97,68.81,67.01,66.4,68.82
2018-10-08,MRK,68.81,67.01,65.04,66.07,69.03
2018-10-09,MRK,67.01,65.04,66.4,67.75,68.58
2018-10-10,MRK,65.04,66.4,66.07,68.32,67.1
2018-10-11,MRK,66.4,66.07,67.75,68.69,66.55
2018-10-12,MRK,66.07,67.75,68.32,68.82,66.97
2018-10-15,MRK,67.75,68.32,68.69,69.03,67.96
2018-10-16,MRK,68.32,68.69,68.82,68.58,69.32
2018-10-17,MRK,68.69,68.82,69.03,67.1,70.02
2018-10-18,MRK,68.82,69.03,68.58,66.55,69.55
2018-10-19,MRK,69.03,68.58,67.1,66.97,68.74
2018-10-22,MRK,68.58,67.1,66.55,67.96,69.55
2018-10-23,MRK,67.1,66.55,66.97,69.32,69.73
2018-10-24,MRK,66.55,66.97,67.96,70.02,71.42
2018-10-25,MRK,66.97,67.96,69.32,69.55,71.8
2018-10-26,MRK,67.96,69.32,70.02,68.74,71.21
2018-10-29,MRK,69.32,70.02,69.55,69.55,71.05
2018-10-30,MRK,70.02,69.55,68.74,69.73,70.97
2018-10-31,MRK,69.55,68.74,69.55,71.42,70.48
2018-11-01,MRK,68.74,69.55,69.73,71.8,71.19
2018-11-02,MRK,69.55,69.73,71.42,71.21,72.35
2018-11-05,MRK,69.73,71.42,71.8,71.05,72.63
2018-11-06,MRK,71.42,71.8,71.21,70.97,71.13
2018-11-07,MRK,71.8,71.21,71.05,70.48,71.14
2018-11-08,MRK,71.21,71.05,70.97,71.19,71.03
2018-11-09,MRK,71.05,70.97,70.48,72.35,71.76
2018-11-12,MRK,70.97,70.48,71.19,72.63,72.62
2018-11-13,MRK,70.48,71.19,72.35,71.13,73.46
2018-11-14,MRK,71.19,72.35,72.63,71.14,74.11
2018-11-15,MRK,72.35,72.63,71.13,71.03,75.47
2018-11-16,MRK,72.63,71.13,71.14,71.76,75.36
2018-11-19,MRK,71.13,71.14,71.03,72.62,74.4
2018-11-20,MRK,71.14,71.03,71.76,73.46,74.55
2018-11-21,MRK,71.03,71.76,72.62,74.11,72.98
2018-11-23,MRK,71.76,72.62,73.46,75.47,73.64
2018-11-26,MRK,72.62,73.46,74.11,75.36,73.35
2018-11-27,MRK,73.46,74.11,75.47,74.4,74.2
2018-11-28,MRK,74.11,75.47,75.36,74.55,75.16
2018-11-29,MRK,75.47,75.36,74.4,72.98,73.26
2018-11-30,MRK,75.36,74.4,74.55,73.64,72.06
2018-12-03,MRK,74.4,74.55,72.98,73.35,71.2
2018-12-04,MRK,74.55,72.98,73.64,74.2,70.66
2018-12-06,MRK,72.98,73.64,73.35,75.16,70.4
2018-12-07,MRK,73.64,73.35,74.2,73.26,69.83
2018-12-10,MRK,73.35,74.2,75.16,72.06,68.15
2018-12-11,MRK,74.2,75.16,73.26,71.2,70.88
2018-12-12,MRK,75.16,73.26,72.06,70.66,72.21
2018-12-13,MRK,73.26,72.06,71.2,70.4,72.2
2018-12-14,MRK,72.06,71.2,70.66,69.83,73.19
2018-12-17,MRK,71.2,70.66,70.4,68.15,72.41
2018-12-18,MRK,70.66,70.4,69.83,70.88,70.92
2018-12-19,MRK,70.4,69.83,68.15,72.21,73.06
2018-12-20,MRK,69.83,68.15,70.88,72.2,72.25
2018-12-21,MRK,68.15,70.88,72.21,73.19,72.79
2018-12-24,MRK,70.88,72.21,72.2,72.41,72.23
2018-12-26,MRK,72.21,72.2,73.19,70.92,71.34
2018-12-27,MRK,72.2,73.19,72.41,73.06,71.75
2018-12-28,MRK,73.19,72.41,70.92,72.25,70.28
2018-12-31,MRK,72.41,70.92,73.06,72.79,71.36
2019-01-02,MRK,70.92,73.06,72.25,72.23,71.47
2019-01-03,MRK,73.06,72.25,72.79,71.34,72.42
2019-01-04,MRK,72.25,72.79,72.23,71.75,72.68
2019-01-07,MRK,72.79,72.23,71.34,70.28,72.64
2019-01-08,MRK,72.23,71.34,71.75,71.36,72.26
2019-01-09,MRK,71.34,71.75,70.28,71.47,70.09
2019-01-10,MRK,71.75,70.28,71.36,72.42,69.88
2019-01-11,MRK,70.28,71.36,71.47,72.68,69.85
2019-01-14,MRK,71.36,71.47,72.42,72.64,70.15
2019-01-15,MRK,71.47,72.42,72.68,72.26,70.28
2019-01-16,MRK,72.42,72.68,72.64,70.09,71.3
2019-01-17,MRK,72.68,72.64,72.26,69.88,73.23
2019-01-18,MRK,72.64,72.26,70.09,69.85,73.63
2019-01-22,MRK,72.26,70.09,69.88,70.15,73.9
2019-01-23,MRK,70.09,69.88,69.85,70.28,74.13
2019-01-24,MRK,69.88,69.85,70.15,71.3,73.59
2019-01-25,MRK,69.85,70.15,70.28,73.23,74.26
2019-01-28,MRK,70.15,70.28,71.3,73.63,73.48
2019-01-29,MRK,70.28,71.3,73.23,73.9,75.21
2019-01-30,MRK,71.3,73.23,73.63,74.13,75.69
2019-01-31,MRK,73.23,73.63,73.9,73.59,75.62
2019-02-01,MRK,73.63,73.9,74.13,74.26,76.45
2019-02-04,MRK,73.9,74.13,73.59,73.48,75.9
2019-02-05,MRK,74.13,73.59,74.26,75.21,76.09
2019-02-06,MRK,73.59,74.26,73.48,75.69,76.47
2019-02-07,MRK,74.26,73.48,75.21,75.62,77.37
2019-02-08,MRK,73.48,75.21,75.69,76.45,77.0
2019-02-11,MRK,75.21,75.69,75.62,75.9,77.34
2019-02-12,MRK,75.69,75.62,76.45,76.09,77.23
2019-02-13,MRK,75.62,76.45,75.9,76.47,77.87
2019-02-14,MRK,76.45,75.9,76.09,77.37,78.21
2019-02-15,MRK,75.9,76.09,76.47,77.0,77.94
2019-02-19,MRK,76.09,76.47,77.37,77.34,78.26
2019-02-20,MRK,76.47,77.37,77.0,77.23,77.36
2019-02-21,MRK,77.37,77.0,77.34,77.87,77.06
2019-02-22,MRK,77.0,77.34,77.23,78.21,76.44
2019-02-25,MRK,77.34,77.23,77.87,77.94,77.46
2019-02-26,MRK,77.23,77.87,78.21,78.26,77.81
2019-02-27,MRK,77.87,78.21,77.94,77.36,78.16
2019-02-28,MRK,78.21,77.94,78.26,77.06,78.59
2019-03-01,MRK,77.94,78.26,77.36,76.44,78.67
2019-03-04,MRK,78.26,77.36,77.06,77.46,78.45
2019-03-05,MRK,77.36,77.06,76.44,77.81,78.99
2019-03-06,MRK,77.06,76.44,77.46,78.16,79.16
2019-03-07,MRK,76.44,77.46,77.81,78.59,80.0
2019-03-08,MRK,77.46,77.81,78.16,78.67,79.36
2019-03-11,MRK,77.81,78.16,78.59,78.45,79.42
2019-03-12,MRK,78.16,78.59,78.67,78.99,79.97
2019-03-13,MRK,78.59,78.67,78.45,79.16,79.36
2019-03-14,MRK,78.67,78.45,78.99,80.0,79.69
2019-03-15,MRK,78.45,78.99,79.16,79.36,80.21
2019-03-18,MRK,78.99,79.16,80.0,79.42,80.33
2019-03-19,MRK,79.16,80.0,79.36,79.97,80.25
2019-03-20,MRK,80.0,79.36,79.42,79.36,80.22
2019-03-21,MRK,79.36,79.42,79.97,79.69,78.94
2019-03-22,MRK,79.42,79.97,79.36,80.21,78.26
2019-03-25,MRK,79.97,79.36,79.69,80.33,78.07
2019-03-26,MRK,79.36,79.69,80.21,80.25,77.92
2019-03-27,MRK,79.69,80.21,80.33,80.22,77.94
2019-03-28,MRK,80.21,80.33,80.25,78.94,77.0
2019-03-29,MRK,80.33,80.25,80.22,78.26,76.6
2019-04-01,MRK,80.25,80.22,78.94,78.07,75.73
2019-04-02,MRK,80.22,78.94,78.26,77.92,74.8
2019-04-03,MRK,78.94,78.26,78.07,77.94,71.29
2019-04-04,MRK,78.26,78.07,77.92,77.0,70.58
2019-04-05,MRK,78.07,77.92,77.94,76.6,70.84
2019-04-08,MRK,77.92,77.94,77.0,75.73,71.94
2019-04-09,MRK,77.94,77.0,76.6,74.8,72.07
2019-04-10,MRK,77.0,76.6,75.73,71.29,73.62
2019-04-11,MRK,76.6,75.73,74.8,70.58,73.9
2019-04-12,MRK,75.73,74.8,71.29,70.84,74.05
2019-04-15,MRK,74.8,71.29,70.58,71.94,75.91
2019-04-16,MRK,71.29,70.58,70.84,72.07,75.92
2019-04-17,MRK,70.58,70.84,71.94,73.62,76.69
2019-04-18,MRK,70.84,71.94,72.07,73.9,77.15
2019-04-22,MRK,71.94,72.07,73.62,74.05,76.65
2019-04-23,MRK,72.07,73.62,73.9,75.91,75.13
2019-04-24,MRK,73.62,73.9,74.05,75.92,75.4
2019-04-25,MRK,73.9,74.05,75.91,76.69,75.54
2019-04-26,MRK,74.05,75.91,75.92,77.15,75.41
2019-04-29,MRK,75.91,75.92,76.69,76.65,74.42
2019-04-30,MRK,75.92,76.69,77.15,75.13,74.66
2019-05-01,MRK,76.69,77.15,76.65,75.4,74.79
2019-05-02,MRK,77.15,76.65,75.13,75.54,76.31
2019-05-03,MRK,76.65,75.13,75.4,75.41,75.92
2019-05-06,MRK,75.13,75.4,75.54,74.42,76.07
2019-05-07,MRK,75.4,75.54,75.41,74.66,76.67
2019-05-08,MRK,75.54,75.41,74.42,74.79,78.1
2019-05-09,MRK,75.41,74.42,74.66,76.31,78.13
2019-05-10,MRK,74.42,74.66,74.79,75.92,78.28
2019-05-13,MRK,74.66,74.79,76.31,76.07,77.4
2019-05-14,MRK,74.79,76.31,75.92,76.67,76.53
2019-05-15,MRK,76.31,75.92,76.07,78.1,76.84
2019-05-16,MRK,75.92,76.07,76.67,78.13,76.39
2019-05-17,MRK,76.07,76.67,78.1,78.28,77.4
2019-05-20,MRK,76.67,78.1,78.13,77.4,78.19
2019-05-21,MRK,78.1,78.13,78.28,76.53,78.78
2019-05-22,MRK,78.13,78.28,77.4,76.84,78.54
2019-05-23,MRK,78.28,77.4,76.53,76.39,79.52
2019-05-24,MRK,77.4,76.53,76.84,77.4,79.54
2019-05-28,MRK,76.53,76.84,76.39,78.19,80.03
2019-05-29,MRK,76.84,76.39,77.4,78.78,80.73
2019-05-30,MRK,76.39,77.4,78.19,78.54,79.95
2019-05-31,MRK,77.4,78.19,78.78,79.52,80.37
2019-06-03,MRK,78.19,78.78,78.54,79.54,80.87
2019-06-04,MRK,78.78,78.54,79.52,80.03,82.03
2019-06-05,MRK,78.54,79.52,79.54,80.73,82.87
2019-06-06,MRK,79.52,79.54,80.03,79.95,82.13
2019-06-07,MRK,79.54,80.03,80.73,80.37,82.1
2019-06-10,MRK,80.03,80.73,79.95,80.87,83.02
2019-06-11,MRK,80.73,79.95,80.37,82.03,82.75
2019-06-12,MRK,79.95,80.37,80.87,82.87,81.1
2019-06-13,MRK,80.37,80.87,82.03,82.13,81.38
2019-06-14,MRK,80.87,82.03,82.87,82.1,81.4
2019-06-17,MRK,82.03,82.87,82.13,83.02,82.28
2019-06-18,MRK,82.87,82.13,82.1,82.75,83.02
2019-06-19,MRK,82.13,82.1,83.02,81.1,84.37
2019-06-20,MRK,82.1,83.02,82.75,81.38,83.1
2019-06-21,MRK,83.02,82.75,81.1,81.4,81.59
2019-06-24,MRK,82.75,81.1,81.38,82.28,82.38
2019-06-25,MRK,81.1,81.38,81.4,83.02,82.35
2019-06-26,MRK,81.38,81.4,82.28,84.37,78.64
2019-06-27,MRK,81.4,82.28,83.02,83.1,77.4
2019-06-28,MRK,82.28,83.02,84.37,81.59,78.6
2019-07-01,MRK,83.02,84.37,83.1,82.38,79.21
2019-07-02,MRK,84.37,83.1,81.59,82.35,79.53
2019-07-03,MRK,83.1,81.59,82.38,78.64,80.28
2019-07-05,MRK,81.59,82.38,82.35,77.4,79.02
2019-07-08,MRK,82.38,82.35,78.64,78.6,78.84
2019-07-09,MRK,82.35,78.64,77.4,79.21,79.64
2019-07-10,MRK,78.64,77.4,78.6,79.53,79.37
2019-07-11,MRK,77.4,78.6,79.21,80.28,79.37
2019-07-12,MRK,78.6,79.21,79.53,79.02,79.05
2019-07-15,MRK,79.21,79.53,80.28,78.84,80.08
2019-07-16,MRK,79.53,80.28,79.02,79.64,80.84
2019-07-17,MRK,80.28,79.02,78.84,79.37,80.57
2019-07-18,MRK,79.02,78.84,79.64,79.37,81.25
2019-07-19,MRK,78.84,79.64,79.37,79.05,82.01
2019-07-22,MRK,79.64,79.37,79.37,80.08,80.7
2019-07-23,MRK,79.37,79.37,79.05,80.84,81.89
2019-07-24,MRK,79.37,79.05,80.08,80.57,81.79
2019-07-25,MRK,79.05,80.08,80.84,81.25,82.26
2019-07-26,MRK,80.08,80.84,80.57,82.01,83.03
2019-07-29,MRK,80.84,80.57,81.25,80.7,83.23
2019-07-30,MRK,80.57,81.25,82.01,81.89,83.57
2019-07-31,MRK,81.25,82.01,80.7,81.79,80.97
2019-08-01,MRK,82.01,80.7,81.89,82.26,81.03
2019-08-02,MRK,80.7,81.89,81.79,83.03,82.58
2019-08-05,MRK,81.89,81.79,82.26,83.23,83.68
2019-08-06,MRK,81.79,82.26,83.03,83.57,83.15
2019-08-07,MRK,82.26,83.03,83.23,80.97,84.37
2019-08-08,MRK,83.03,83.23,83.57,81.03,84.19
2019-08-09,MRK,83.23,83.57,80.97,82.58,82.46
2019-08-12,MRK,83.57,80.97,81.03,83.68,83.38
2019-08-13,MRK,80.97,81.03,82.58,83.15,83.03
2019-08-14,MRK,81.03,82.58,83.68,84.37,83.96
2019-08-15,MRK,82.58,83.68,83.15,84.19,84.19
2019-08-16,MRK,83.68,83.15,84.37,82.46,83.95
2019-08-19,MRK,83.15,84.37,84.19,83.38,84.12
2019-08-20,MRK,84.37,84.19,82.46,83.03,83.54
2019-08-21,MRK,84.19,82.46,83.38,83.96,83.59
2019-08-22,MRK,82.46,83.38,83.03,84.19,84.04
2019-08-23,MRK,83.38,83.03,83.96,83.95,81.04
2019-08-26,MRK,83.03,83.96,84.19,84.12,79.31
2019-08-27,MRK,83.96,84.19,83.95,83.54,80.5
2019-08-28,MRK,84.19,83.95,84.12,83.59,80.88
2019-08-29,MRK,83.95,84.12,83.54,84.04,80.73
2019-08-30,MRK,84.12,83.54,83.59,81.04,80.17
2019-09-03,MRK,83.54,83.59,84.04,79.31,80.64
2019-09-04,MRK,83.59,84.04,81.04,80.5,81.13
2019-09-05,MRK,84.04,81.04,79.31,80.88,82.06
2019-09-06,MRK,81.04,79.31,80.5,80.73,83.23
2019-09-09,MRK,79.31,80.5,80.88,80.17,82.44
2019-09-10,MRK,80.5,80.88,80.73,80.64,81.7
2019-09-11,MRK,80.88,80.73,80.17,81.13,81.21
2019-09-12,MRK,80.73,80.17,80.64,82.06,81.97
2019-09-13,MRK,80.17,80.64,81.13,83.23,81.03
2019-09-16,MRK,80.64,81.13,82.06,82.44,82.27
2019-09-17,MRK,81.13,82.06,83.23,81.7,81.71
2019-09-18,MRK,82.06,83.23,82.44,81.21,79.77
2019-09-19,MRK,83.23,82.44,81.7,81.97,80.86
2019-09-20,MRK,82.44,81.7,81.21,81.03,83.07
2019-09-23,MRK,81.7,81.21,81.97,82.27,82.47
2019-09-24,MRK,81.21,81.97,81.03,81.71,81.4
2019-09-25,MRK,81.97,81.03,82.27,79.77,82.27
2019-09-26,MRK,81.03,82.27,81.71,80.86,81.86
2019-09-27,MRK,82.27,81.71,79.77,83.07,82.42
2019-09-30,MRK,81.71,79.77,80.86,82.47,82.77
2019-10-01,MRK,79.77,80.86,83.07,81.4,83.11
2019-10-02,MRK,80.86,83.07,82.47,82.27,82.53
2019-10-03,MRK,83.07,82.47,81.4,81.86,81.9
2019-10-04,MRK,82.47,81.4,82.27,82.42,82.76
2019-10-07,MRK,81.4,82.27,81.86,82.77,82.6
2019-10-08,MRK,82.27,81.86,82.42,83.11,79.45
2019-10-09,MRK,81.86,82.42,82.77,82.53,80.99
2019-10-10,MRK,82.42,82.77,83.11,81.9,80.7
2019-10-11,MRK,82.77,83.11,82.53,82.76,80.39
2019-10-14,MRK,83.11,82.53,81.9,82.6,80.33
2019-10-15,MRK,82.53,81.9,82.76,79.45,83.17
2019-10-16,MRK,81.9,82.76,82.6,80.99,84.26
2019-10-17,MRK,82.76,82.6,79.45,80.7,84.69
2019-10-18,MRK,82.6,79.45,80.99,80.39,83.01
2019-10-21,MRK,79.45,80.99,80.7,80.33,81.99
2019-10-22,MRK,80.99,80.7,80.39,83.17,81.04
2019-10-23,MRK,80.7,80.39,80.33,84.26,81.36
2019-10-24,MRK,80.39,80.33,83.17,84.69,81.0
2019-10-25,MRK,80.33,83.17,84.26,83.01,81.69
2019-10-28,MRK,83.17,84.26,84.69,81.99,81.39
2019-10-29,MRK,84.26,84.69,83.01,81.04,82.21
2019-10-30,MRK,84.69,83.01,81.99,81.36,82.89
2019-10-31,MRK,83.01,81.99,81.04,81.0,82.63
2019-11-01,MRK,81.99,81.04,81.36,81.69,82.97
2019-11-04,MRK,81.04,81.36,81.0,81.39,82.22
2019-11-05,MRK,81.36,81.0,81.69,82.21,82.73
2019-11-06,MRK,81.0,81.69,81.39,82.89,83.33
2019-11-07,MRK,81.69,81.39,82.21,82.63,83.52
2019-11-08,MRK,81.39,82.21,82.89,82.97,83.51
2019-11-11,MRK,82.21,82.89,82.63,82.22,83.75
2019-11-12,MRK,82.89,82.63,82.97,82.73,85.36
2019-11-13,MRK,82.63,82.97,82.22,83.33,85.62
2019-11-14,MRK,82.97,82.22,82.73,83.52,85.2
2019-11-15,MRK,82.22,82.73,83.33,83.51,85.06
2019-11-18,MRK,82.73,83.33,83.52,83.75,85.4
2019-11-19,MRK,83.33,83.52,83.51,85.36,86.66
2019-11-20,MRK,83.52,83.51,83.75,85.62,86.73
2019-11-21,MRK,83.51,83.75,85.36,85.2,86.83
2019-11-22,MRK,83.75,85.36,85.62,85.06,86.7
2019-11-25,MRK,85.36,85.62,85.2,85.4,87.08
2019-11-26,MRK,85.62,85.2,85.06,86.66,86.96
2019-11-27,MRK,85.2,85.06,85.4,86.73,87.54
2019-11-29,MRK,85.06,85.4,86.66,86.83,87.76
2019-12-02,MRK,85.4,86.66,86.73,86.7,87.86
2019-12-03,MRK,86.66,86.73,86.83,87.08,87.59
2019-12-04,MRK,86.73,86.83,86.7,86.96,88.18
2019-12-05,MRK,86.83,86.7,87.08,87.54,88.55
2019-12-06,MRK,86.7,87.08,86.96,87.76,90.11
2019-12-09,MRK,87.08,86.96,87.54,87.86,90.27
2019-12-10,MRK,86.96,87.54,87.76,87.59,89.98
2019-12-11,MRK,87.54,87.76,87.86,88.18,89.88
2019-12-12,MRK,87.76,87.86,87.59,88.55,90.03
2019-12-13,MRK,87.86,87.59,88.18,90.11,89.57
2019-12-16,MRK,87.59,88.18,88.55,90.27,89.49
2019-12-17,MRK,88.18,88.55,90.11,89.98,90.57
2019-12-18,MRK,88.55,90.11,90.27,89.88,89.79
2019-12-19,MRK,90.11,90.27,89.98,90.03,90.17
2019-12-20,MRK,90.27,89.98,89.88,89.57,87.77
2019-12-23,MRK,89.98,89.88,90.03,89.49,87.18
2019-12-24,MRK,89.88,90.03,89.57,90.57,87.95
2019-12-26,MRK,90.03,89.57,89.49,89.79,88.1
2019-12-27,MRK,89.57,89.49,90.57,90.17,88.08
2019-12-30,MRK,89.49,90.57,89.79,87.77,88.49
2019-12-31,MRK,90.57,89.79,90.17,87.18,90.07
2020-01-02,MRK,89.79,90.17,87.77,87.95,89.72
2020-01-03,MRK,90.17,87.77,87.18,88.1,89.51
2020-01-06,MRK,87.77,87.18,87.95,88.08,88.53
2020-01-07,MRK,87.18,87.95,88.1,88.49,88.21
2020-01-08,MRK,87.95,88.1,88.08,90.07,87.14
2020-01-09,MRK,88.1,88.08,88.49,89.72,84.6
2020-01-10,MRK,88.08,88.49,90.07,89.51,84.72
2020-01-13,MRK,88.49,90.07,89.72,88.53,84.87
2020-01-14,MRK,90.07,89.72,89.51,88.21,85.84
2020-01-15,MRK,89.72,89.51,88.53,87.14,85.11
2020-01-16,MRK,89.51,88.53,88.21,84.6,84.07
2020-01-17,MRK,88.53,88.21,87.14,84.72,85.94
2020-01-21,MRK,88.21,87.14,84.6,84.87,86.94
2020-01-22,MRK,87.14,84.6,84.72,85.84,84.46
2020-01-23,MRK,84.6,84.72,84.87,85.11,84.31
2020-01-24,MRK,84.72,84.87,85.84,84.07,83.72
2020-01-27,MRK,84.87,85.84,85.11,85.94,84.29
2020-01-28,MRK,85.84,85.11,84.07,86.94,83.88
2020-01-29,MRK,85.11,84.07,85.94,84.46,81.92
2020-01-30,MRK,84.07,85.94,86.94,84.31,80.66
2020-01-31,MRK,85.94,86.94,84.46,83.72,81.33
2020-02-03,MRK,86.94,84.46,84.31,84.29,81.14
2020-02-04,MRK,84.46,84.31,83.72,83.88,80.69
2020-02-05,MRK,84.31,83.72,84.29,81.92,81.17
2020-02-06,MRK,83.72,84.29,83.88,80.66,81.02
2020-02-07,MRK,84.29,83.88,81.92,81.33,80.03
2020-02-10,MRK,83.88,81.92,80.66,81.14,78.98
2020-02-11,MRK,81.92,80.66,81.33,80.69,78.66
2020-02-12,MRK,80.66,81.33,81.14,81.17,76.83
2020-02-13,MRK,81.33,81.14,80.69,81.02,75.33
2020-02-14,MRK,81.14,80.69,81.17,80.03,80.07
2020-02-18,MRK,80.69,81.17,81.02,78.98,77.86
2020-02-19,MRK,81.17,81.02,80.03,78.66,81.64
2020-02-20,MRK,81.02,80.03,78.98,76.83,80.27
2020-02-21,MRK,80.03,78.98,78.66,75.33,80.88
2020-02-24,MRK,78.98,78.66,76.83,80.07,77.7
2020-02-25,MRK,78.66,76.83,75.33,77.86,80.71
2020-02-26,MRK,76.83,75.33,80.07,81.64,77.98
2020-02-27,MRK,75.33,80.07,77.86,80.27,73.26
2020-02-28,MRK,80.07,77.86,81.64,80.88,76.14
2020-03-02,MRK,77.86,81.64,80.27,77.7,69.37
2020-03-03,MRK,81.64,80.27,80.88,80.71,73.89
2020-03-04,MRK,80.27,80.88,77.7,77.98,71.07
2020-03-05,MRK,80.88,77.7,80.71,73.26,70.17
2020-03-06,MRK,77.7,80.71,77.98,76.14,70.8
2020-03-09,MRK,80.71,77.98,73.26,69.37,65.88
2020-03-10,MRK,77.98,73.26,76.14,73.89,68.51
2020-03-11,MRK,73.26,76.14,69.37,71.07,67.68
2020-03-12,MRK,76.14,69.37,73.89,70.17,72.95
2020-03-13,MRK,69.37,73.89,71.07,70.8,71.16
2020-03-16,MRK,73.89,71.07,70.17,65.88,76.34
2020-03-17,MRK,71.07,70.17,70.8,68.51,76.33
2020-03-18,MRK,70.17,70.8,65.88,67.68,73.22
2020-03-19,MRK,70.8,65.88,68.51,72.95,76.26
2020-03-20,MRK,65.88,68.51,67.68,71.16,75.65
2020-03-23,MRK,68.51,67.68,72.95,76.34,79.68
2020-03-24,MRK,67.68,72.95,71.16,76.33,77.94
2020-03-25,MRK,72.95,71.16,76.34,73.22,80.98
2020-03-26,MRK,71.16,76.34,76.33,76.26,81.84
2020-03-27,MRK,76.34,76.33,73.22,75.65,79.9
2020-03-30,MRK,76.33,73.22,76.26,79.68,82.19
2020-03-31,MRK,73.22,76.26,75.65,77.94,81.42
2020-04-01,MRK,76.26,75.65,79.68,80.98,82.35
2020-04-02,MRK,75.65,79.68,77.94,81.84,82.8
2020-04-03,MRK,79.68,77.94,80.98,79.9,82.44
2020-04-06,MRK,77.94,80.98,81.84,82.19,77.94
2020-04-07,MRK,80.98,81.84,79.9,81.42,79.35
2020-04-08,MRK,81.84,79.9,82.19,82.35,80.24
2020-04-09,MRK,79.9,82.19,81.42,82.8,80.79
2020-04-13,MRK,82.19,81.42,82.35,82.44,83.32
2020-04-14,MRK,81.42,82.35,82.8,77.94,80.54
2020-04-15,MRK,82.35,82.8,82.44,79.35,80.13
2020-04-16,MRK,82.8,82.44,77.94,80.24,78.71
2020-04-17,MRK,82.44,77.94,79.35,80.79,77.06
2020-04-20,MRK,77.94,79.35,80.24,83.32,76.25
2020-04-21,MRK,79.35,80.24,80.79,80.54,77.39
2020-04-22,MRK,80.24,80.79,83.32,80.13,76.51
2020-04-23,MRK,80.79,83.32,80.54,78.71,75.0
2020-04-24,MRK,83.32,80.54,80.13,77.06,75.8
2020-04-27,MRK,80.54,80.13,78.71,76.25,77.3
2020-04-28,MRK,80.13,78.71,77.06,77.39,76.58
2020-04-29,MRK,78.71,77.06,76.25,76.51,77.28
2020-04-30,MRK,77.06,76.25,77.39,75.0,79.42
2020-05-01,MRK,76.25,77.39,76.51,75.8,79.15
2020-05-04,MRK,77.39,76.51,75.0,77.3,79.09
2020-05-05,MRK,76.51,75.0,75.8,76.58,76.94
2020-05-06,MRK,75.0,75.8,77.3,77.28,76.28
2020-05-07,MRK,75.8,77.3,76.58,79.42,75.95
2020-05-08,MRK,77.3,76.58,77.28,79.15,75.77
2020-05-11,MRK,76.58,77.28,79.42,79.09,76.65
2020-05-12,MRK,77.28,79.42,79.15,76.94,76.94
2020-05-13,MRK,79.42,79.15,79.09,76.28,78.42
2020-05-14,MRK,79.15,79.09,76.94,75.95,80.08
2020-05-15,MRK,79.09,76.94,76.28,75.77,78.93
2020-05-18,MRK,76.94,76.28,75.95,76.65,80.2
2020-05-19,MRK,76.28,75.95,75.77,76.94,81.41
2020-05-20,MRK,75.95,75.77,76.65,78.42,80.91
2020-05-21,MRK,75.77,76.65,76.94,80.08,81.61
2020-05-22,MRK,76.65,76.94,78.42,78.93,82.25
2020-05-26,MRK,76.94,78.42,80.08,80.2,81.61
2020-05-27,MRK,78.42,80.08,78.93,81.41,81.13
2020-05-28,MRK,80.08,78.93,80.2,80.91,76.74
2020-05-29,MRK,78.93,80.2,81.41,81.61,76.3
2020-06-01,MRK,80.2,81.41,80.91,82.25,74.02
2020-06-02,MRK,81.41,80.91,81.61,81.61,76.97
2020-06-03,MRK,80.91,81.61,82.25,81.13,76.29
2020-06-04,MRK,81.61,82.25,81.61,76.74,76.22
2020-06-05,MRK,82.25,81.61,81.13,76.3,77.9
2020-06-08,MRK,81.61,81.13,76.74,74.02,76.75
2020-06-09,MRK,81.13,76.74,76.3,76.97,77.12
2020-06-10,MRK,76.74,76.3,74.02,76.29,75.87
2020-06-11,MRK,76.3,74.02,76.97,76.22,76.57
2020-06-12,MRK,74.02,76.97,76.29,77.9,75.19
2020-06-15,MRK,76.97,76.29,76.22,76.75,76.12
2020-06-16,MRK,76.29,76.22,77.9,77.12,77.33
2020-06-17,MRK,76.22,77.9,76.75,75.87,78.12
2020-06-18,MRK,77.9,76.75,77.12,76.57,78.78
2020-06-19,MRK,76.75,77.12,75.87,75.19,79.58
2020-06-22,MRK,77.12,75.87,76.57,76.12,78.72
2020-06-23,MRK,75.87,76.57,75.19,77.33,77.92
2020-06-24,MRK,76.57,75.19,76.12,78.12,76.69
2020-06-25,MRK,75.19,76.12,77.33,78.78,76.73
2020-06-26,MRK,76.12,77.33,78.12,79.58,77.35
2020-06-29,MRK,77.33,78.12,78.78,78.72,78.25
2020-06-30,MRK,78.12,78.78,79.58,77.92,79.44
2020-07-01,MRK,78.78,79.58,78.72,76.69,79.4
2020-07-02,MRK,79.58,78.72,77.92,76.73,79.87
2020-07-06,MRK,78.72,77.92,76.69,77.35,79.41
2020-07-07,MRK,77.92,76.69,76.73,78.25,78.89
2020-07-08,MRK,76.69,76.73,77.35,79.44,78.78
2020-07-09,MRK,76.73,77.35,78.25,79.4,78.06
2020-07-10,MRK,77.35,78.25,79.44,79.87,77.1
2020-07-13,MRK,78.25,79.44,79.4,79.41,78.93
2020-07-14,MRK,79.44,79.4,79.87,78.89,79.69
2020-07-15,MRK,79.4,79.87,79.41,78.78,79.35
2020-07-16,MRK,79.87,79.41,78.89,78.06,78.99
2020-07-17,MRK,79.41,78.89,78.78,77.1,80.24
2020-07-20,MRK,78.89,78.78,78.06,78.93,82.54
2020-07-21,MRK,78.78,78.06,77.1,79.69,81.67
2020-07-22,MRK,78.06,77.1,78.93,79.35,81.64
2020-07-23,MRK,77.1,78.93,79.69,78.99,81.05
2020-07-24,MRK,78.93,79.69,79.35,80.24,81.02
2020-07-27,MRK,79.69,79.35,78.99,82.54,80.91
2020-07-28,MRK,79.35,78.99,80.24,81.67,80.91
2020-07-29,MRK,78.99,80.24,82.54,81.64,82.68
2020-07-30,MRK,80.24,82.54,81.67,81.05,83.54
2020-07-31,MRK,82.54,81.67,81.64,81.02,83.48
