Date,Ticker,next_close,next_close_2,next_close_3,next_close_5,next_close_10
2016-01-29,XOM,61.69,60.31,63.46,64.75,66.12
2016-02-01,XOM,60.31,63.46,64.55,65.63,66.27
2016-02-02,XOM,63.46,64.55,64.75,65.34,66.91
2016-02-03,XOM,64.55,64.75,65.63,64.74,67.27
2016-02-04,XOM,64.75,65.63,65.34,64.95,67.31
2016-02-05,XOM,65.63,65.34,64.74,66.12,67.22
2016-02-08,XOM,65.34,64.74,64.95,66.27,66.28
2016-02-09,XOM,64.74,64.95,66.12,66.91,66.52
2016-02-10,XOM,64.95,66.12,66.27,67.27,66.91
2016-02-11,XOM,66.12,66.27,66.91,67.31,66.7
2016-02-12,XOM,66.27,66.91,67.27,67.22,65.4
2016-02-16,XOM,66.91,67.27,67.31,66.28,66.32
2016-02-17,XOM,67.27,67.31,67.22,66.52,67.48
2016-02-18,XOM,67.31,67.22,66.28,66.91,67.23
2016-02-19,XOM,67.22,66.28,66.52,66.7,67.14
2016-02-22,XOM,66.28,66.52,66.91,65.4,68.91
2016-02-23,XOM,66.52,66.91,66.7,66.32,67.42
2016-02-24,XOM,66.91,66.7,65.4,67.48,67.23
2016-02-25,XOM,66.7,65.4,66.32,67.23,67.05
2016-02-26,XOM,65.4,66.32,67.48,67.14,67.06
2016-02-29,XOM,66.32,67.48,67.23,68.91,67.24
2016-03-01,XOM,67.48,67.23,67.14,67.42,67.58
2016-03-02,XOM,67.23,67.14,68.91,67.23,67.62
2016-03-03,XOM,67.14,68.91,67.42,67.05,68.62
2016-03-04,XOM,68.91,67.42,67.23,67.06,68.7
2016-03-07,XOM,67.42,67.23,67.05,67.24,68.23
2016-03-08,XOM,67.23,67.05,67.06,67.58,68.64
2016-03-09,XOM,67.05,67.06,67.24,67.62,68.33
2016-03-10,XOM,67.06,67.24,67.58,68.62,68.52
2016-03-11,XOM,67.24,67.58,67.62,68.7,68.72
2016-03-14,XOM,67.58,67.62,68.62,68.23,68.97
2016-03-15,XOM,67.62,68.62,68.7,68.64,68.96
2016-03-16,XOM,68.62,68.7,68.23,68.33,68.2
2016-03-17,XOM,68.7,68.23,68.64,68.52,67.69
2016-03-18,XOM,68.23,68.64,68.33,68.72,67.85
2016-03-21,XOM,68.64,68.33,68.52,68.97,67.08
2016-03-22,XOM,68.33,68.52,68.72,68.96,67.98
2016-03-23,XOM,68.52,68.72,68.97,68.2,67.21
2016-03-24,XOM,68.72,68.97,68.96,67.69,67.89
2016-03-28,XOM,68.97,68.96,68.2,67.85,67.98
2016-03-29,XOM,68.96,68.2,67.69,67.08,68.82
2016-03-30,XOM,68.2,67.69,67.85,67.98,69.22
2016-03-31,XOM,67.69,67.85,67.08,67.21,69.71
2016-04-01,XOM,67.85,67.08,67.98,67.89,69.33
2016-04-04,XOM,67.08,67.98,67.21,67.98,69.99
2016-04-05,XOM,67.98,67.21,67.89,68.82,70.34
2016-04-06,XOM,67.21,67.89,67.98,69.22,70.82
2016-04-07,XOM,67.89,67.98,68.82,69.71,70.82
2016-04-08,XOM,67.98,68.82,69.22,69.33,71.42
2016-04-11,XOM,68.82,69.22,69.71,69.99,71.26
2016-04-12,XOM,69.22,69.71,69.33,70.34,71.5
2016-04-13,XOM,69.71,69.33,69.99,70.82,72.18
2016-04-14,XOM,69.33,69.99,70.34,70.82,71.83
2016-04-15,XOM,69.99,70.34,70.82,71.42,72.13
2016-04-18,XOM,70.34,70.82,70.82,71.26,72.72
2016-04-19,XOM,70.82,70.82,71.42,71.5,71.89
2016-04-20,XOM,70.82,71.42,71.26,72.18,71.75
2016-04-21,XOM,71.42,71.26,71.5,71.83,71.83
2016-04-22,XOM,71.26,71.5,72.18,72.13,72.22
2016-04-25,XOM,71.5,72.18,71.83,72.72,72.27
2016-04-26,XOM,72.18,71.83,72.13,71.89,73.43
2016-04-27,XOM,71.83,72.13,72.72,71.75,73.07
2016-04-28,XOM,72.13,72.72,71.89,71.83,73.78
2016-04-29,XOM,72.72,71.89,71.75,72.22,72.95
2016-05-02,XOM,71.89,71.75,71.83,72.27,73.7
2016-05-03,XOM,71.75,71.83,72.22,73.43,73.66
2016-05-04,XOM,71.83,72.22,72.27,73.07,73.52
2016-05-05,XOM,72.22,72.27,73.43,73.78,74.14
2016-05-06,XOM,72.27,73.43,73.07,72.95,73.84
2016-05-09,XOM,73.43,73.07,73.78,73.7,73.72
2016-05-10,XOM,73.07,73.78,72.95,73.66,73.78
2016-05-11,XOM,73.78,72.95,73.7,73.52,74.27
2016-05-12,XOM,72.95,73.7,73.66,74.14,73.89
2016-05-13,XOM,73.7,73.66,73.52,73.84,74.06
2016-05-16,XOM,73.66,73.52,74.14,73.72,73.25
2016-05-17,XOM,73.52,74.14,73.84,73.78,73.43
2016-05-18,XOM,74.14,73.84,73.72,74.27,72.84
2016-05-19,XOM,73.84,73.72,73.78,73.89,72.71
2016-05-20,XOM,73.72,73.78,74.27,74.06,73.51
2016-05-23,XOM,73.78,74.27,73.89,73.25,74.64
2016-05-24,XOM,74.27,73.89,74.06,73.43,74.7
2016-05-25,XOM,73.89,74.06,73.25,72.84,74.6
2016-05-26,XOM,74.06,73.25,73.43,72.71,74.03
2016-05-27,XOM,73.25,73.43,72.84,73.51,74.54
2016-05-31,XOM,73.43,72.84,72.71,74.64,74.41
2016-06-01,XOM,72.84,72.71,73.51,74.7,74.18
2016-06-02,XOM,72.71,73.51,74.64,74.6,75.06
2016-06-03,XOM,73.51,74.64,74.7,74.03,74.64
2016-06-06,XOM,74.64,74.7,74.6,74.54,74.97
2016-06-07,XOM,74.7,74.6,74.03,74.41,75.31
2016-06-08,XOM,74.6,74.03,74.54,74.18,75.01
2016-06-09,XOM,74.03,74.54,74.41,75.06,75.53
2016-06-10,XOM,74.54,74.41,74.18,74.64,73.55
2016-06-13,XOM,74.41,74.18,75.06,74.97,73.11
2016-06-14,XOM,74.18,75.06,74.64,75.31,74.8
2016-06-15,XOM,75.06,74.64,74.97,75.01,76.08
2016-06-16,XOM,74.64,74.97,75.31,75.53,77.13
2016-06-17,XOM,74.97,75.31,75.01,73.55,77.21
2016-06-20,XOM,75.31,75.01,75.53,73.11,76.54
2016-06-21,XOM,75.01,75.53,73.55,74.8,77.42
2016-06-22,XOM,75.53,73.55,73.11,76.08,76.49
2016-06-23,XOM,73.55,73.11,74.8,77.13,76.96
2016-06-24,XOM,73.11,74.8,76.08,77.21,77.25
2016-06-27,XOM,74.8,76.08,77.13,76.54,78.12
2016-06-28,XOM,76.08,77.13,77.21,77.42,78.07
2016-06-29,XOM,77.13,77.21,76.54,76.49,78.12
2016-06-30,XOM,77.21,76.54,77.42,76.96,78.26
2016-07-01,XOM,76.54,77.42,76.49,77.25,78.02
2016-07-05,XOM,77.42,76.49,76.96,78.12,77.73
2016-07-06,XOM,76.49,76.96,77.25,78.07,77.28
2016-07-07,XOM,76.96,77.25,78.12,78.12,77.22
2016-07-08,XOM,77.25,78.12,78.07,78.26,77.35
2016-07-11,XOM,78.12,78.07,78.12,78.02,75.86
2016-07-12,XOM,78.07,78.12,78.26,77.73,75.31
2016-07-13,XOM,78.12,78.26,78.02,77.28,74.8
2016-07-14,XOM,78.26,78.02,77.73,77.22,74.22
2016-07-15,XOM,78.02,77.73,77.28,77.35,73.19
2016-07-18,XOM,77.73,77.28,77.22,75.86,70.64
2016-07-19,XOM,77.28,77.22,77.35,75.31,71.62
2016-07-20,XOM,77.22,77.35,75.86,74.8,71.99
2016-07-21,XOM,77.35,75.86,75.31,74.22,71.98
2016-07-22,XOM,75.86,75.31,74.8,73.19,72.04
2016-07-25,XOM,75.31,74.8,74.22,70.64,72.89
2016-07-26,XOM,74.8,74.22,73.19,71.62,72.98
2016-07-27,XOM,74.22,73.19,70.64,71.99,71.7
2016-07-28,XOM,73.19,70.64,71.62,71.98,71.96
2016-07-29,XOM,70.64,71.62,71.99,72.04,72.9
2016-08-01,XOM,71.62,71.99,71.98,72.89,72.87
2016-08-02,XOM,71.99,71.98,72.04,72.98,72.96
2016-08-03,XOM,71.98,72.04,72.89,71.7,73.11
2016-08-04,XOM,72.04,72.89,72.98,71.96,73.78
2016-08-05,XOM,72.89,72.98,71.7,72.9,72.86
2016-08-08,XOM,72.98,71.7,71.96,72.87,73.01
2016-08-09,XOM,71.7,71.96,72.9,72.96,72.79
2016-08-10,XOM,71.96,72.9,72.87,73.11,73.04
2016-08-11,XOM,72.9,72.87,72.96,73.78,72.58
2016-08-12,XOM,72.87,72.96,73.11,72.86,72.42
2016-08-15,XOM,72.96,73.11,73.78,73.01,72.89
2016-08-16,XOM,73.11,73.78,72.86,72.79,72.62
2016-08-17,XOM,73.78,72.86,73.01,73.04,72.31
2016-08-18,XOM,72.86,73.01,72.79,72.58,72.06
2016-08-19,XOM,73.01,72.79,73.04,72.42,72.54
2016-08-22,XOM,72.79,73.04,72.58,72.89,73.5
2016-08-23,XOM,73.04,72.58,72.42,72.62,73.22
2016-08-24,XOM,72.58,72.42,72.89,72.31,73.89
2016-08-25,XOM,72.42,72.89,72.62,72.06,72.06
2016-08-26,XOM,72.89,72.62,72.31,72.54,72.43
2016-08-29,XOM,72.62,72.31,72.06,73.5,70.71
2016-08-30,XOM,72.31,72.06,72.54,73.22,70.2
2016-08-31,XOM,72.06,72.54,73.5,73.89,70.6
2016-09-01,XOM,72.54,73.5,73.22,72.06,69.73
2016-09-02,XOM,73.5,73.22,73.89,72.43,69.56
2016-09-06,XOM,73.22,73.89,72.06,70.71,68.49
2016-09-07,XOM,73.89,72.06,72.43,70.2,69.12
2016-09-08,XOM,72.06,72.43,70.71,70.6,69.32
2016-09-09,XOM,72.43,70.71,70.2,69.73,69.25
2016-09-12,XOM,70.71,70.2,70.6,69.56,68.92
2016-09-13,XOM,70.2,70.6,69.73,68.49,69.07
2016-09-14,XOM,70.6,69.73,69.56,69.12,72.11
2016-09-15,XOM,69.73,69.56,68.49,69.32,71.75
2016-09-16,XOM,69.56,68.49,69.12,69.25,72.43
2016-09-19,XOM,68.49,69.12,69.32,68.92,72.23
2016-09-20,XOM,69.12,69.32,69.25,69.07,71.57
2016-09-21,XOM,69.32,69.25,68.92,72.11,72.19
2016-09-22,XOM,69.25,68.92,69.07,71.75,72.23
2016-09-23,XOM,68.92,69.07,72.11,72.43,71.98
2016-09-26,XOM,69.07,72.11,71.75,72.23,73.39
2016-09-27,XOM,72.11,71.75,72.43,71.57,72.81
2016-09-28,XOM,71.75,72.43,72.23,72.19,72.3
2016-09-29,XOM,72.43,72.23,71.57,72.23,71.83
2016-09-30,XOM,72.23,71.57,72.19,71.98,71.81
2016-10-03,XOM,71.57,72.19,72.23,73.39,71.81
2016-10-04,XOM,72.19,72.23,71.98,72.81,72.0
2016-10-05,XOM,72.23,71.98,73.39,72.3,72.33
2016-10-06,XOM,71.98,73.39,72.81,71.83,72.37
2016-10-07,XOM,73.39,72.81,72.3,71.81,71.88
2016-10-10,XOM,72.81,72.3,71.83,71.81,72.12
2016-10-11,XOM,72.3,71.83,71.81,72.0,71.96
2016-10-12,XOM,71.83,71.81,71.81,72.33,72.27
2016-10-13,XOM,71.81,71.81,72.0,72.37,72.13
2016-10-14,XOM,71.81,72.0,72.33,71.88,70.35
2016-10-17,XOM,72.0,72.33,72.37,72.12,69.14
2016-10-18,XOM,72.33,72.37,71.88,71.96,69.41
2016-10-19,XOM,72.37,71.88,72.12,72.27,69.25
2016-10-20,XOM,71.88,72.12,71.96,72.13,69.42
2016-10-21,XOM,72.12,71.96,72.27,70.35,69.35
2016-10-24,XOM,71.96,72.27,72.13,69.14,70.91
2016-10-25,XOM,72.27,72.13,70.35,69.41,71.42
2016-10-26,XOM,72.13,70.35,69.14,69.25,72.2
2016-10-27,XOM,70.35,69.14,69.41,69.42,72.87
2016-10-28,XOM,69.14,69.41,69.25,69.35,71.72
2016-10-31,XOM,69.41,69.25,69.42,70.91,71.39
2016-11-01,XOM,69.25,69.42,69.35,71.42,72.68
2016-11-02,XOM,69.42,69.35,70.91,72.2,71.79
2016-11-03,XOM,69.35,70.91,71.42,72.87,71.35
2016-11-04,XOM,70.91,71.42,72.2,71.72,71.39
2016-11-07,XOM,71.42,72.2,72.87,71.39,72.41
2016-11-08,XOM,72.2,72.87,71.72,72.68,72.56
2016-11-09,XOM,72.87,71.72,71.39,71.79,72.77
2016-11-10,XOM,71.72,71.39,72.68,71.35,72.93
2016-11-11,XOM,71.39,72.68,71.79,71.39,72.39
2016-11-14,XOM,72.68,71.79,71.35,72.41,71.91
2016-11-15,XOM,71.79,71.35,71.39,72.56,73.08
2016-11-16,XOM,71.35,71.39,72.41,72.77,73.03
2016-11-17,XOM,71.39,72.41,72.56,72.93,72.87
2016-11-18,XOM,72.41,72.56,72.77,72.39,73.23
2016-11-21,XOM,72.56,72.77,72.93,71.91,73.3
2016-11-22,XOM,72.77,72.93,72.39,73.08,73.73
2016-11-23,XOM,72.93,72.39,71.91,73.03,73.94
2016-11-25,XOM,72.39,71.91,73.08,72.87,74.51
2016-11-28,XOM,71.91,73.08,73.03,73.23,76.16
2016-11-29,XOM,73.08,73.03,72.87,73.3,77.5
2016-11-30,XOM,73.03,72.87,73.23,73.73,75.83
2016-12-01,XOM,72.87,73.23,73.3,73.94,76.09
2016-12-02,XOM,73.23,73.3,73.73,74.51,76.33
2016-12-05,XOM,73.3,73.73,73.94,76.16,75.7
2016-12-06,XOM,73.73,73.94,74.51,77.5,75.7
2016-12-07,XOM,73.94,74.51,76.16,75.83,75.58
2016-12-08,XOM,74.51,76.16,77.5,76.09,76.07
2016-12-09,XOM,76.16,77.5,75.83,76.33,75.94
2016-12-12,XOM,77.5,75.83,76.09,75.7,75.97
2016-12-13,XOM,75.83,76.09,76.33,75.7,75.6
2016-12-14,XOM,76.09,76.33,75.7,75.58,75.64
2016-12-15,XOM,76.33,75.7,75.7,76.07,75.56
2016-12-16,XOM,75.7,75.7,75.58,75.94,76.09
2016-12-19,XOM,75.7,75.58,76.07,75.97,75.25
2016-12-20,XOM,75.58,76.07,75.94,75.6,74.13
2016-12-21,XOM,76.07,75.94,75.97,75.64,74.09
2016-12-22,XOM,75.94,75.97,75.6,75.56,72.87
2016-12-23,XOM,75.97,75.6,75.64,76.09,71.94
2016-12-27,XOM,75.6,75.64,75.56,75.25,72.67
2016-12-28,XOM,75.64,75.56,76.09,74.13,72.28
2016-12-29,XOM,75.56,76.09,75.25,74.09,72.29
2016-12-30,XOM,76.09,75.25,74.13,72.87,73.13
2017-01-03,XOM,75.25,74.13,74.09,71.94,72.23
2017-01-04,XOM,74.13,74.09,72.87,72.67,70.93
2017-01-05,XOM,74.09,72.87,71.94,72.28,71.9
2017-01-06,XOM,72.87,71.94,72.67,72.29,71.13
2017-01-09,XOM,71.94,72.67,72.28,73.13,71.23
2017-01-10,XOM,72.67,72.28,72.29,72.23,71.44
2017-01-11,XOM,72.28,72.29,73.13,70.93,71.66
2017-01-12,XOM,72.29,73.13,72.23,71.9,71.59
2017-01-13,XOM,73.13,72.23,70.93,71.13,71.04
2017-01-17,XOM,72.23,70.93,71.9,71.23,70.23
2017-01-18,XOM,70.93,71.9,71.13,71.44,69.43
2017-01-19,XOM,71.9,71.13,71.23,71.66,69.86
2017-01-20,XOM,71.13,71.23,71.44,71.59,69.94
2017-01-23,XOM,71.23,71.44,71.66,71.04,69.74
2017-01-24,XOM,71.44,71.66,71.59,70.23,69.29
2017-01-25,XOM,71.66,71.59,71.04,69.43,68.84
2017-01-26,XOM,71.59,71.04,70.23,69.86,69.14
2017-01-27,XOM,71.04,70.23,69.43,69.94,69.71
2017-01-30,XOM,70.23,69.43,69.86,69.74,70.12
2017-01-31,XOM,69.43,69.86,69.94,69.29,69.97
2017-02-01,XOM,69.86,69.94,69.74,68.84,70.25
2017-02-02,XOM,69.94,69.74,69.29,69.14,69.53
2017-02-03,XOM,69.74,69.29,68.84,69.71,69.07
2017-02-06,XOM,69.29,68.84,69.14,70.12,69.18
2017-02-07,XOM,68.84,69.14,69.71,69.97,68.37
2017-02-08,XOM,69.14,69.71,70.12,70.25,69.09
2017-02-09,XOM,69.71,70.12,69.97,69.53,68.5
2017-02-10,XOM,70.12,69.97,70.25,69.07,68.89
2017-02-13,XOM,69.97,70.25,69.53,69.18,68.7
2017-02-14,XOM,70.25,69.53,69.07,68.37,70.14
2017-02-15,XOM,69.53,69.07,69.18,69.09,70.37
2017-02-16,XOM,69.07,69.18,68.37,68.5,69.66
2017-02-17,XOM,69.18,68.37,69.09,68.89,69.98
2017-02-21,XOM,68.37,69.09,68.5,68.7,69.71
2017-02-22,XOM,69.09,68.5,68.89,70.14,68.46
2017-02-23,XOM,68.5,68.89,68.7,70.37,69.0
2017-02-24,XOM,68.89,68.7,70.14,69.66,68.95
2017-02-27,XOM,68.7,70.14,70.37,69.98,68.78
2017-02-28,XOM,70.14,70.37,69.66,69.71,68.42
2017-03-01,XOM,70.37,69.66,69.98,68.46,69.27
2017-03-02,XOM,69.66,69.98,69.71,69.0,69.33
2017-03-03,XOM,69.98,69.71,68.46,68.95,69.27
2017-03-06,XOM,69.71,68.46,69.0,68.78,69.27
2017-03-07,XOM,68.46,69.0,68.95,68.42,69.13
2017-03-08,XOM,69.0,68.95,68.78,69.27,69.07
2017-03-09,XOM,68.95,68.78,68.42,69.33,69.16
2017-03-10,XOM,68.78,68.42,69.27,69.27,68.62
2017-03-13,XOM,68.42,69.27,69.33,69.27,68.64
2017-03-14,XOM,69.27,69.33,69.27,69.13,69.14
2017-03-15,XOM,69.33,69.27,69.27,69.07,69.29
2017-03-16,XOM,69.27,69.27,69.13,69.16,70.71
2017-03-17,XOM,69.27,69.13,69.07,68.62,69.28
2017-03-20,XOM,69.13,69.07,69.16,68.64,69.33
2017-03-21,XOM,69.07,69.16,68.62,69.14,69.59
2017-03-22,XOM,69.16,68.62,68.64,69.29,69.72
2017-03-23,XOM,68.62,68.64,69.14,70.71,70.13
2017-03-24,XOM,68.64,69.14,69.29,69.28,69.92
2017-03-27,XOM,69.14,69.29,70.71,69.33,70.23
2017-03-28,XOM,69.29,70.71,69.28,69.59,69.98
2017-03-29,XOM,70.71,69.28,69.33,69.72,70.09
2017-03-30,XOM,69.28,69.33,69.59,70.13,69.01
2017-03-31,XOM,69.33,69.59,69.72,69.92,68.92
2017-04-03,XOM,69.59,69.72,70.13,70.23,68.47
2017-04-04,XOM,69.72,70.13,69.92,69.98,68.0
2017-04-05,XOM,70.13,69.92,70.23,70.09,68.44
2017-04-06,XOM,69.92,70.23,69.98,69.01,68.17
2017-04-07,XOM,70.23,69.98,70.09,68.92,68.52
2017-04-10,XOM,69.98,70.09,69.01,68.47,69.05
2017-04-11,XOM,70.09,69.01,68.92,68.0,68.77
2017-04-12,XOM,69.01,68.92,68.47,68.44,68.65
2017-04-13,XOM,68.92,68.47,68.0,68.17,68.98
2017-04-17,XOM,68.47,68.0,68.44,68.52,69.33
2017-04-18,XOM,68.0,68.44,68.17,69.05,69.32
2017-04-19,XOM,68.44,68.17,68.52,68.77,69.87
2017-04-20,XOM,68.17,68.52,69.05,68.65,68.97
2017-04-21,XOM,68.52,69.05,68.77,68.98,69.29
2017-04-24,XOM,69.05,68.77,68.65,69.33,70.03
2017-04-25,XOM,68.77,68.65,68.98,69.32,69.54
2017-04-26,XOM,68.65,68.98,69.33,69.87,69.85
2017-04-27,XOM,68.98,69.33,69.32,68.97,70.45
2017-04-28,XOM,69.33,69.32,69.87,69.29,70.4
2017-05-01,XOM,69.32,69.87,68.97,70.03,70.61
2017-05-02,XOM,69.87,68.97,69.29,69.54,70.4
2017-05-03,XOM,68.97,69.29,70.03,69.85,69.92
2017-05-04,XOM,69.29,70.03,69.54,70.45,69.72
2017-05-05,XOM,70.03,69.54,69.85,70.4,69.87
2017-05-08,XOM,69.54,69.85,70.45,70.61,70.18
2017-05-09,XOM,69.85,70.45,70.4,70.4,70.42
2017-05-10,XOM,70.45,70.4,70.61,69.92,70.18
2017-05-11,XOM,70.4,70.61,70.4,69.72,69.72
2017-05-12,XOM,70.61,70.4,69.92,69.87,69.55
2017-05-15,XOM,70.4,69.92,69.72,70.18,69.16
2017-05-16,XOM,69.92,69.72,69.87,70.42,68.65
2017-05-17,XOM,69.72,69.87,70.18,70.18,68.82
2017-05-18,XOM,69.87,70.18,70.42,69.72,67.8
2017-05-19,XOM,70.18,70.42,70.18,69.55,68.33
2017-05-22,XOM,70.42,70.18,69.72,69.16,69.26
2017-05-23,XOM,70.18,69.72,69.55,68.65,69.0
2017-05-24,XOM,69.72,69.55,69.16,68.82,68.75
2017-05-25,XOM,69.55,69.16,68.65,67.8,70.04
2017-05-26,XOM,69.16,68.65,68.82,68.33,70.72
2017-05-30,XOM,68.65,68.82,67.8,69.26,70.75
2017-05-31,XOM,68.82,67.8,68.33,69.0,69.99
2017-06-01,XOM,67.8,68.33,69.26,68.75,70.15
2017-06-02,XOM,68.33,69.26,69.0,70.04,71.2
2017-06-05,XOM,69.26,69.0,68.75,70.72,70.58
2017-06-06,XOM,69.0,68.75,70.04,70.75,70.19
2017-06-07,XOM,68.75,70.04,70.72,69.99,69.45
2017-06-08,XOM,70.04,70.72,70.75,70.15,69.14
2017-06-09,XOM,70.72,70.75,69.99,71.2,69.6
2017-06-12,XOM,70.75,69.99,70.15,70.58,69.28
2017-06-13,XOM,69.99,70.15,71.2,70.19,69.17
2017-06-14,XOM,70.15,71.2,70.58,69.45,69.53
2017-06-15,XOM,71.2,70.58,70.19,69.14,68.82
2017-06-16,XOM,70.58,70.19,69.45,69.6,68.85
2017-06-19,XOM,70.19,69.45,69.14,69.28,70.01
2017-06-20,XOM,69.45,69.14,69.6,69.17,68.95
2017-06-21,XOM,69.14,69.6,69.28,69.53,68.33
2017-06-22,XOM,69.6,69.28,69.17,68.82,68.41
2017-06-23,XOM,69.28,69.17,69.53,68.85,68.36
2017-06-26,XOM,69.17,69.53,68.82,70.01,68.73
2017-06-27,XOM,69.53,68.82,68.85,68.95,69.04
2017-06-28,XOM,68.82,68.85,70.01,68.33,69.05
2017-06-29,XOM,68.85,70.01,68.95,68.41,69.31
2017-06-30,XOM,70.01,68.95,68.33,68.36,68.96
2017-07-03,XOM,68.95,68.33,68.41,68.73,68.73
2017-07-05,XOM,68.33,68.41,68.36,69.04,68.95
2017-07-06,XOM,68.41,68.36,68.73,69.05,68.96
2017-07-07,XOM,68.36,68.73,69.04,69.31,68.33
2017-07-10,XOM,68.73,69.04,69.05,68.96,68.11
2017-07-11,XOM,69.04,69.05,69.31,68.73,68.45
2017-07-12,XOM,69.05,69.31,68.96,68.95,68.54
2017-07-13,XOM,69.31,68.96,68.73,68.96,68.93
2017-07-14,XOM,68.96,68.73,68.95,68.33,67.88
2017-07-17,XOM,68.73,68.95,68.96,68.11,68.26
2017-07-18,XOM,68.95,68.96,68.33,68.45,68.37
2017-07-19,XOM,68.96,68.33,68.11,68.54,68.73
2017-07-20,XOM,68.33,68.11,68.45,68.93,68.64
2017-07-21,XOM,68.11,68.45,68.54,67.88,68.4
2017-07-24,XOM,68.45,68.54,68.93,68.26,68.36
2017-07-25,XOM,68.54,68.93,67.88,68.37,68.19
2017-07-26,XOM,68.93,67.88,68.26,68.73,68.4
2017-07-27,XOM,67.88,68.26,68.37,68.64,68.0
2017-07-28,XOM,68.26,68.37,68.73,68.4,67.34
2017-07-31,XOM,68.37,68.73,68.64,68.36,67.36
2017-08-01,XOM,68.73,68.64,68.4,68.19,67.2
2017-08-02,XOM,68.64,68.4,68.36,68.4,66.71
2017-08-03,XOM,68.4,68.36,68.19,68.0,65.66
2017-08-04,XOM,68.36,68.19,68.4,67.34,65.99
2017-08-07,XOM,68.19,68.4,68.0,67.36,65.77
2017-08-08,XOM,68.4,68.0,67.34,67.2,66.08
2017-08-09,XOM,68.0,67.34,67.36,66.71,65.97
2017-08-10,XOM,67.34,67.36,67.2,65.66,65.72
2017-08-11,XOM,67.36,67.2,66.71,65.99,66.06
2017-08-14,XOM,67.2,66.71,65.66,65.77,65.84
2017-08-15,XOM,66.71,65.66,65.99,66.08,65.83
2017-08-16,XOM,65.66,65.99,65.77,65.97,65.53
2017-08-17,XOM,65.99,65.77,66.08,65.72,65.72
2017-08-18,XOM,65.77,66.08,65.97,66.06,65.93
2017-08-21,XOM,66.08,65.97,65.72,65.84,66.46
2017-08-22,XOM,65.97,65.72,66.06,65.83,67.83
2017-08-23,XOM,65.72,66.06,65.84,65.53,68.05
2017-08-24,XOM,66.06,65.84,65.83,65.72,67.87
2017-08-25,XOM,65.84,65.83,65.53,65.93,68.24
2017-08-28,XOM,65.83,65.53,65.72,66.46,68.45
2017-08-29,XOM,65.53,65.72,65.93,67.83,68.69
2017-08-30,XOM,65.72,65.93,66.46,68.05,68.96
2017-08-31,XOM,65.93,66.46,67.83,67.87,68.94
2017-09-01,XOM,66.46,67.83,68.05,68.24,68.96
2017-09-05,XOM,67.83,68.05,67.87,68.45,69.07
2017-09-06,XOM,68.05,67.87,68.24,68.69,69.36
2017-09-07,XOM,67.87,68.24,68.45,68.96,68.79
2017-09-08,XOM,68.24,68.45,68.69,68.94,68.82
2017-09-11,XOM,68.45,68.69,68.96,68.96,69.73
2017-09-12,XOM,68.69,68.96,68.94,69.07,69.65
2017-09-13,XOM,68.96,68.94,68.96,69.36,70.12
2017-09-14,XOM,68.94,68.96,69.07,68.79,70.77
2017-09-15,XOM,68.96,69.07,69.36,68.82,70.59
2017-09-18,XOM,69.07,69.36,68.79,69.73,70.29
2017-09-19,XOM,69.36,68.79,68.82,69.65,70.4
2017-09-20,XOM,68.79,68.82,69.73,70.12,70.43
2017-09-21,XOM,68.82,69.73,69.65,70.77,70.62
2017-09-22,XOM,69.73,69.65,70.12,70.59,70.36
2017-09-25,XOM,69.65,70.12,70.77,70.29,70.63
2017-09-26,XOM,70.12,70.77,70.59,70.4,70.83
2017-09-27,XOM,70.77,70.59,70.29,70.43,71.12
2017-09-28,XOM,70.59,70.29,70.4,70.62,70.98
2017-09-29,XOM,70.29,70.4,70.43,70.36,70.96
2017-10-02,XOM,70.4,70.43,70.62,70.63,71.3
2017-10-03,XOM,70.43,70.62,70.36,70.83,71.43
2017-10-04,XOM,70.62,70.36,70.63,71.12,71.26
2017-10-05,XOM,70.36,70.63,70.83,70.98,71.24
2017-10-06,XOM,70.63,70.83,71.12,70.96,71.56
2017-10-09,XOM,70.83,71.12,70.98,71.3,71.67
2017-10-10,XOM,71.12,70.98,70.96,71.43,71.87
2017-10-11,XOM,70.98,70.96,71.3,71.26,71.61
2017-10-12,XOM,70.96,71.3,71.43,71.24,71.87
2017-10-13,XOM,71.3,71.43,71.26,71.56,72.08
2017-10-16,XOM,71.43,71.26,71.24,71.67,71.93
2017-10-17,XOM,71.26,71.24,71.56,71.87,71.77
2017-10-18,XOM,71.24,71.56,71.67,71.61,72.22
2017-10-19,XOM,71.56,71.67,71.87,71.87,71.92
2017-10-20,XOM,71.67,71.87,71.61,72.08,71.62
2017-10-23,XOM,71.87,71.61,71.87,71.93,72.11
2017-10-24,XOM,71.61,71.87,72.08,71.77,71.97
2017-10-25,XOM,71.87,72.08,71.93,72.22,71.87
2017-10-26,XOM,72.08,71.93,71.77,71.92,72.3
2017-10-27,XOM,71.93,71.77,72.22,71.62,72.08
2017-10-30,XOM,71.77,72.22,71.92,72.11,72.03
2017-10-31,XOM,72.22,71.92,71.62,71.97,71.47
2017-11-01,XOM,71.92,71.62,72.11,71.87,70.57
2017-11-02,XOM,71.62,72.11,71.97,72.3,70.01
2017-11-03,XOM,72.11,71.97,71.87,72.08,69.73
2017-11-06,XOM,71.97,71.87,72.3,72.03,70.0
2017-11-07,XOM,71.87,72.3,72.08,71.47,70.28
2017-11-08,XOM,72.3,72.08,72.03,70.57,70.48
2017-11-09,XOM,72.08,72.03,71.47,70.01,70.76
2017-11-10,XOM,72.03,71.47,70.57,69.73,70.49
2017-11-13,XOM,71.47,70.57,70.01,70.0,70.97
2017-11-14,XOM,70.57,70.01,69.73,70.28,71.49
2017-11-15,XOM,70.01,69.73,70.0,70.48,72.38
2017-11-16,XOM,69.73,70.0,70.28,70.76,72.53
2017-11-17,XOM,70.0,70.28,70.48,70.49,72.62
2017-11-20,XOM,70.28,70.48,70.76,70.97,72.03
2017-11-21,XOM,70.48,70.76,70.49,71.49,71.5
2017-11-22,XOM,70.76,70.49,70.97,72.38,71.74
2017-11-24,XOM,70.49,70.97,71.49,72.53,71.83
2017-11-27,XOM,70.97,71.49,72.38,72.62,72.16
2017-11-28,XOM,71.49,72.38,72.53,72.03,71.92
2017-11-29,XOM,72.38,72.53,72.62,71.5,72.23
2017-11-30,XOM,72.53,72.62,72.03,71.74,72.04
2017-12-01,XOM,72.62,72.03,71.5,71.83,72.16
2017-12-04,XOM,72.03,71.5,71.74,72.16,72.08
2017-12-05,XOM,71.5,71.74,71.83,71.92,71.64
2017-12-06,XOM,71.74,71.83,72.16,72.23,72.02
2017-12-07,XOM,71.83,72.16,71.92,72.04,72.87
2017-12-08,XOM,72.16,71.92,72.23,72.16,72.97
2017-12-11,XOM,71.92,72.23,72.04,72.08,72.98
2017-12-12,XOM,72.23,72.04,72.16,71.64,72.91
2017-12-13,XOM,72.04,72.16,72.08,72.02,73.02
2017-12-14,XOM,72.16,72.08,71.64,72.87,72.69
2017-12-15,XOM,72.08,71.64,72.02,72.97,73.89
2017-12-18,XOM,71.64,72.02,72.87,72.98,75.34
2017-12-19,XOM,72.02,72.87,72.97,72.91,75.45
2017-12-20,XOM,72.87,72.97,72.98,73.02,75.39
2017-12-21,XOM,72.97,72.98,72.91,72.69,75.73
2017-12-22,XOM,72.98,72.91,73.02,73.89,75.41
2017-12-26,XOM,72.91,73.02,72.69,75.34,74.81
2017-12-27,XOM,73.02,72.69,73.89,75.45,75.54
2017-12-28,XOM,72.69,73.89,75.34,75.39,76.06
2017-12-29,XOM,73.89,75.34,75.45,75.73,75.58
2018-01-02,XOM,75.34,75.45,75.39,75.41,76.47
2018-01-03,XOM,75.45,75.39,75.73,74.81,75.98
2018-01-04,XOM,75.39,75.73,75.41,75.54,75.74
2018-01-05,XOM,75.73,75.41,74.81,76.06,76.69
2018-01-08,XOM,75.41,74.81,75.54,75.58,76.73
2018-01-09,XOM,74.81,75.54,76.06,76.47,76.93
2018-01-10,XOM,75.54,76.06,75.58,75.98,76.8
2018-01-11,XOM,76.06,75.58,76.47,75.74,77.34
2018-01-12,XOM,75.58,76.47,75.98,76.69,76.48
2018-01-16,XOM,76.47,75.98,75.74,76.73,75.41
2018-01-17,XOM,75.98,75.74,76.69,76.93,75.87
2018-01-18,XOM,75.74,76.69,76.73,76.8,77.4
2018-01-19,XOM,76.69,76.73,76.93,77.34,73.46
2018-01-22,XOM,76.73,76.93,76.8,76.48,69.28
2018-01-23,XOM,76.93,76.8,77.34,75.41,68.09
2018-01-24,XOM,76.8,77.34,76.48,75.87,66.86
2018-01-25,XOM,77.34,76.48,75.41,77.4,66.11
2018-01-26,XOM,76.48,75.41,75.87,73.46,66.53
2018-01-29,XOM,75.41,75.87,77.4,69.28,67.09
2018-01-30,XOM,75.87,77.4,73.46,68.09,66.98
2018-01-31,XOM,77.4,73.46,69.28,66.86,67.13
2018-02-01,XOM,73.46,69.28,68.09,66.11,66.91
2018-02-02,XOM,69.28,68.09,66.86,66.53,67.2
2018-02-05,XOM,68.09,66.86,66.11,67.09,66.5
2018-02-06,XOM,66.86,66.11,66.53,66.98,65.75
2018-02-07,XOM,66.11,66.53,67.09,67.13,66.6
2018-02-08,XOM,66.53,67.09,66.98,66.91,68.06
2018-02-09,XOM,67.09,66.98,67.13,67.2,69.21
2018-02-12,XOM,66.98,67.13,66.91,66.5,68.04
2018-02-13,XOM,67.13,66.91,67.2,65.75,66.49
2018-02-14,XOM,66.91,67.2,66.5,66.6,66.02
2018-02-15,XOM,67.2,66.5,65.75,68.06,66.33
2018-02-16,XOM,66.5,65.75,66.6,69.21,66.96
2018-02-20,XOM,65.75,66.6,68.06,68.04,66.88
2018-02-21,XOM,66.6,68.06,69.21,66.49,65.19
2018-02-22,XOM,68.06,69.21,68.04,66.02,65.07
2018-02-23,XOM,69.21,68.04,66.49,66.33,65.46
2018-02-26,XOM,68.04,66.49,66.02,66.96,66.05
2018-02-27,XOM,66.49,66.02,66.33,66.88,65.43
2018-02-28,XOM,66.02,66.33,66.96,65.19,64.61
2018-03-01,XOM,66.33,66.96,66.88,65.07,65.33
2018-03-02,XOM,66.96,66.88,65.19,65.46,65.95
2018-03-05,XOM,66.88,65.19,65.07,66.05,65.1
2018-03-06,XOM,65.19,65.07,65.46,65.43,64.96
2018-03-07,XOM,65.07,65.46,66.05,64.61,65.88
2018-03-08,XOM,65.46,66.05,65.43,65.33,64.53
2018-03-09,XOM,66.05,65.43,64.61,65.95,63.99
2018-03-12,XOM,65.43,64.61,65.33,65.1,64.97
2018-03-13,XOM,64.61,65.33,65.95,64.96,64.7
2018-03-14,XOM,65.33,65.95,65.1,65.88,63.92
2018-03-15,XOM,65.95,65.1,64.96,64.53,65.5
2018-03-16,XOM,65.1,64.96,65.88,63.99,64.28
2018-03-19,XOM,64.96,65.88,64.53,64.97,65.86
2018-03-20,XOM,65.88,64.53,63.99,64.7,65.73
2018-03-21,XOM,64.53,63.99,64.97,63.92,66.74
2018-03-22,XOM,63.99,64.97,64.7,65.5,65.73
2018-03-23,XOM,64.97,64.7,63.92,64.28,65.73
2018-03-26,XOM,64.7,63.92,65.5,65.86,67.66
2018-03-27,XOM,63.92,65.5,64.28,65.73,67.98
2018-03-28,XOM,65.5,64.28,65.86,66.74,67.79
2018-03-29,XOM,64.28,65.86,65.73,65.73,68.34
2018-04-02,XOM,65.86,65.73,66.74,65.73,68.95
2018-04-03,XOM,65.73,66.74,65.73,67.66,68.77
2018-04-04,XOM,66.74,65.73,65.73,67.98,69.55
2018-04-05,XOM,65.73,65.73,67.66,67.79,69.72
2018-04-06,XOM,65.73,67.66,67.98,68.34,69.35
2018-04-09,XOM,67.66,67.98,67.79,68.95,69.86
2018-04-10,XOM,67.98,67.79,68.34,68.77,68.78
2018-04-11,XOM,67.79,68.34,68.95,69.55,69.79
2018-04-12,XOM,68.34,68.95,68.77,69.72,70.99
2018-04-13,XOM,68.95,68.77,69.55,69.35,68.29
2018-04-16,XOM,68.77,69.55,69.72,69.86,68.26
2018-04-17,XOM,69.55,69.72,69.35,68.78,67.56
2018-04-18,XOM,69.72,69.35,69.86,69.79,67.42
2018-04-19,XOM,69.35,69.86,68.78,70.99,67.2
2018-04-20,XOM,69.86,68.78,69.79,68.29,67.51
2018-04-23,XOM,68.78,69.79,70.99,68.26,68.25
2018-04-24,XOM,69.79,70.99,68.29,67.56,68.56
2018-04-25,XOM,70.99,68.29,68.26,67.42,70.17
2018-04-26,XOM,68.29,68.26,67.56,67.2,71.74
2018-04-27,XOM,68.26,67.56,67.42,67.51,72.08
2018-04-30,XOM,67.56,67.42,67.2,68.25,72.57
2018-05-01,XOM,67.42,67.2,67.51,68.56,72.53
2018-05-02,XOM,67.2,67.51,68.25,70.17,72.74
2018-05-03,XOM,67.51,68.25,68.56,71.74,72.61
2018-05-04,XOM,68.25,68.56,70.17,72.08,72.1
2018-05-07,XOM,68.56,70.17,71.74,72.57,72.97
2018-05-08,XOM,70.17,71.74,72.08,72.53,72.4
2018-05-09,XOM,71.74,72.08,72.57,72.74,72.85
2018-05-10,XOM,72.08,72.57,72.53,72.61,71.18
2018-05-11,XOM,72.57,72.53,72.74,72.1,69.8
2018-05-14,XOM,72.53,72.74,72.61,72.97,69.54
2018-05-15,XOM,72.74,72.61,72.1,72.4,72.27
2018-05-16,XOM,72.61,72.1,72.97,72.85,72.04
2018-05-17,XOM,72.1,72.97,72.4,71.18,72.57
2018-05-18,XOM,72.97,72.4,72.85,69.8,71.8
2018-05-21,XOM,72.4,72.85,71.18,69.54,71.55
2018-05-22,XOM,72.85,71.18,69.8,72.27,72.77
2018-05-23,XOM,71.18,69.8,69.54,72.04,73.5
2018-05-24,XOM,69.8,69.54,72.27,72.57,74.14
2018-05-25,XOM,69.54,72.27,72.04,71.8,73.69
2018-05-29,XOM,72.27,72.04,72.57,71.55,73.09
2018-05-30,XOM,72.04,72.57,71.8,72.77,72.28
2018-05-31,XOM,72.57,71.8,71.55,73.5,72.62
2018-06-01,XOM,71.8,71.55,72.77,74.14,71.53
2018-06-04,XOM,71.55,72.77,73.5,73.69,71.67
2018-06-05,XOM,72.77,73.5,74.14,73.09,71.57
2018-06-06,XOM,73.5,74.14,73.69,72.28,71.34
2018-06-07,XOM,74.14,73.69,73.09,72.62,70.67
2018-06-08,XOM,73.69,73.09,72.28,71.53,72.17
2018-06-11,XOM,73.09,72.28,72.62,71.67,70.71
2018-06-12,XOM,72.28,72.62,71.53,71.57,71.51
2018-06-13,XOM,72.62,71.53,71.67,71.34,72.46
2018-06-14,XOM,71.53,71.67,71.57,70.67,72.69
2018-06-15,XOM,71.67,71.57,71.34,72.17,73.37
2018-06-18,XOM,71.57,71.34,70.67,70.71,72.51
2018-06-19,XOM,71.34,70.67,72.17,71.51,72.93
2018-06-20,XOM,70.67,72.17,70.71,72.46,72.99
2018-06-21,XOM,72.17,70.71,71.51,72.69,73.01
2018-06-22,XOM,70.71,71.51,72.46,73.37,73.52
2018-06-25,XOM,71.51,72.46,72.69,72.51,74.19
2018-06-26,XOM,72.46,72.69,73.37,72.93,73.24
2018-06-27,XOM,72.69,73.37,72.51,72.99,73.33
2018-06-28,XOM,73.37,72.51,72.93,73.01,73.88
2018-06-29,XOM,72.51,72.93,72.99,73.52,73.15
2018-07-02,XOM,72.93,72.99,73.01,74.19,72.99
2018-07-03,XOM,72.99,73.01,73.52,73.24,72.91
2018-07-05,XOM,73.01,73.52,74.19,73.33,72.73
2018-07-06,XOM,73.52,74.19,73.24,73.88,72.19
2018-07-09,XOM,74.19,73.24,73.33,73.15,72.19
2018-07-10,XOM,73.24,73.33,73.88,72.99,73.61
2018-07-11,XOM,73.33,73.88,73.15,72.91,74.13
2018-07-12,XOM,73.88,73.15,72.99,72.73,74.7
2018-07-13,XOM,73.15,72.99,72.91,72.19,72.65
2018-07-16,XOM,72.99,72.91,72.73,72.19,72.49
2018-07-17,XOM,72.91,72.73,72.19,73.61,72.28
2018-07-18,XOM,72.73,72.19,72.19,74.13,71.29
2018-07-19,XOM,72.19,72.19,73.61,74.7,70.86
2018-07-20,XOM,72.19,73.61,74.13,72.65,71.12
2018-07-23,XOM,73.61,74.13,74.7,72.49,71.1
2018-07-24,XOM,74.13,74.7,72.65,72.28,72.07
2018-07-25,XOM,74.7,72.65,72.49,71.29,71.59
2018-07-26,XOM,72.65,72.49,72.28,70.86,71.23
2018-07-27,XOM,72.49,72.28,71.29,71.12,71.16
2018-07-30,XOM,72.28,71.29,70.86,71.1,70.39
2018-07-31,XOM,71.29,70.86,71.12,72.07,70.16
2018-08-01,XOM,70.86,71.12,71.1,71.59,68.93
2018-08-02,XOM,71.12,71.1,72.07,71.23,69.88
2018-08-03,XOM,71.1,72.07,71.59,71.16,70.12
2018-08-06,XOM,72.07,71.59,71.23,70.39,70.61
2018-08-07,XOM,71.59,71.23,71.16,70.16,70.63
2018-08-08,XOM,71.23,71.16,70.39,68.93,71.64
2018-08-09,XOM,71.16,70.39,70.16,69.88,70.85
2018-08-10,XOM,70.39,70.16,68.93,70.12,71.34
2018-08-13,XOM,70.16,68.93,69.88,70.61,72.03
2018-08-14,XOM,68.93,69.88,70.12,70.63,71.93
2018-08-15,XOM,69.88,70.12,70.61,71.64,72.45
2018-08-16,XOM,70.12,70.61,70.63,70.85,72.13
2018-08-17,XOM,70.61,70.63,71.64,71.34,71.83
2018-08-20,XOM,70.63,71.64,70.85,72.03,71.94
2018-08-21,XOM,71.64,70.85,71.34,71.93,72.9
2018-08-22,XOM,70.85,71.34,72.03,72.45,72.09
2018-08-23,XOM,71.34,72.03,71.93,72.13,73.32
2018-08-24,XOM,72.03,71.93,72.45,71.83,73.21
2018-08-27,XOM,71.93,72.45,72.13,71.94,74.24
2018-08-28,XOM,72.45,72.13,71.83,72.9,74.48
2018-08-29,XOM,72.13,71.83,71.94,72.09,73.76
2018-08-30,XOM,71.83,71.94,72.9,73.32,74.29
2018-08-31,XOM,71.94,72.9,72.09,73.21,74.73
2018-09-04,XOM,72.9,72.09,73.32,74.24,74.93
2018-09-05,XOM,72.09,73.32,73.21,74.48,75.82
2018-09-06,XOM,73.32,73.21,74.24,73.76,76.0
2018-09-07,XOM,73.21,74.24,74.48,74.29,76.31
2018-09-10,XOM,74.24,74.48,73.76,74.73,77.59
2018-09-11,XOM,74.48,73.76,74.29,74.93,77.5
2018-09-12,XOM,73.76,74.29,74.73,75.82,76.86
2018-09-13,XOM,74.29,74.73,74.93,76.0,76.85
2018-09-14,XOM,74.73,74.93,75.82,76.31,76.17
2018-09-17,XOM,74.93,75.82,76.0,77.59,76.88
2018-09-18,XOM,75.82,76.0,76.31,77.5,77.46
2018-09-19,XOM,76.0,76.31,77.59,76.86,77.19
2018-09-20,XOM,76.31,77.59,77.5,76.85,76.68
2018-09-21,XOM,77.59,77.5,76.86,76.17,76.46
2018-09-24,XOM,77.5,76.86,76.85,76.88,77.17
2018-09-25,XOM,76.86,76.85,76.17,77.46,77.51
2018-09-26,XOM,76.85,76.17,76.88,77.19,75.73
2018-09-27,XOM,76.17,76.88,77.46,76.68,73.11
2018-09-28,XOM,76.88,77.46,77.19,76.46,72.91
2018-10-01,XOM,77.46,77.19,76.68,77.17,72.41
2018-10-02,XOM,77.19,76.68,76.46,77.51,72.75
2018-10-03,XOM,76.68,76.46,77.17,75.73,73.02
2018-10-04,XOM,76.46,77.17,77.51,73.11,73.33
2018-10-05,XOM,77.17,77.51,75.73,72.91,73.44
2018-10-08,XOM,77.51,75.73,73.11,72.41,72.71
2018-10-09,XOM,75.73,73.11,72.91,72.75,71.53
2018-10-10,XOM,73.11,72.91,72.41,73.02,69.54
2018-10-11,XOM,72.91,72.41,72.75,73.33,70.16
2018-10-12,XOM,72.41,72.75,73.02,73.44,69.46
2018-10-15,XOM,72.75,73.02,73.33,72.71,69.03
2018-10-16,XOM,73.02,73.33,73.44,71.53,70.58
2018-10-17,XOM,73.33,73.44,72.71,69.54,71.39
2018-10-18,XOM,73.44,72.71,71.53,70.16,72.28
2018-10-19,XOM,72.71,71.53,69.54,69.46,73.42
2018-10-22,XOM,71.53,69.54,70.16,69.03,73.15
2018-10-23,XOM,69.54,70.16,69.46,70.58,73.46
2018-10-24,XOM,70.16,69.46,69.03,71.39,74.39
2018-10-25,XOM,69.46,69.03,70.58,72.28,73.21
2018-10-26,XOM,69.03,70.58,71.39,73.42,73.19
2018-10-29,XOM,70.58,71.39,72.28,73.15,72.25
2018-10-30,XOM,71.39,72.28,73.42,73.46,70.59
2018-10-31,XOM,72.28,73.42,73.15,74.39,70.04
2018-11-01,XOM,73.42,73.15,73.46,73.21,70.77
2018-11-02,XOM,73.15,73.46,74.39,73.19,71.46
2018-11-05,XOM,73.46,74.39,73.21,72.25,71.7
2018-11-06,XOM,74.39,73.21,73.19,70.59,69.66
2018-11-07,XOM,73.21,73.19,72.25,70.04,70.19
2018-11-08,XOM,73.19,72.25,70.59,70.77,68.32
2018-11-09,XOM,72.25,70.59,70.04,71.46,69.67
2018-11-12,XOM,70.59,70.04,70.77,71.7,69.73
2018-11-13,XOM,70.04,70.77,71.46,69.66,71.0
2018-11-14,XOM,70.77,71.46,71.7,70.19,71.55
2018-11-15,XOM,71.46,71.7,69.66,68.32,71.95
2018-11-16,XOM,71.7,69.66,70.19,69.67,73.51
2018-11-19,XOM,69.66,70.19,68.32,69.73,71.89
2018-11-20,XOM,70.19,68.32,69.67,71.0,70.95
2018-11-21,XOM,68.32,69.67,69.73,71.55,70.27
2018-11-23,XOM,69.67,69.73,71.0,71.95,69.27
2018-11-26,XOM,69.73,71.0,71.55,73.51,69.4
2018-11-27,XOM,71.0,71.55,71.95,71.89,68.8
2018-11-28,XOM,71.55,71.95,73.51,70.95,69.67
2018-11-29,XOM,71.95,73.51,71.89,70.27,68.4
2018-11-30,XOM,73.51,71.89,70.95,69.27,67.01
2018-12-03,XOM,71.89,70.95,70.27,69.4,65.16
2018-12-04,XOM,70.95,70.27,69.27,68.8,64.06
2018-12-06,XOM,70.27,69.27,69.4,69.67,62.11
2018-12-07,XOM,69.27,69.4,68.8,68.4,61.65
2018-12-10,XOM,69.4,68.8,69.67,67.01,59.29
2018-12-11,XOM,68.8,69.67,68.4,65.16,62.12
2018-12-12,XOM,69.67,68.4,67.01,64.06,62.39
2018-12-13,XOM,68.4,67.01,65.16,62.11,61.7
2018-12-14,XOM,67.01,65.16,64.06,61.65,61.71
2018-12-17,XOM,65.16,64.06,62.11,59.29,63.07
2018-12-18,XOM,64.06,62.11,61.65,62.12,62.1
2018-12-19,XOM,62.11,61.65,59.29,62.39,64.39
2018-12-20,XOM,61.65,59.29,62.12,61.7,64.73
2018-12-21,XOM,59.29,62.12,62.39,61.71,65.2
2018-12-24,XOM,62.12,62.39,61.7,63.07,65.54
2018-12-26,XOM,62.39,61.7,61.71,62.1,65.21
2018-12-27,XOM,61.7,61.71,63.07,64.39,64.91
2018-12-28,XOM,61.71,63.07,62.1,64.73,64.83
2018-12-31,XOM,63.07,62.1,64.39,65.2,64.86
2019-01-02,XOM,62.1,64.39,64.73,65.54,64.84
2019-01-03,XOM,64.39,64.73,65.2,65.21,65.28
2019-01-04,XOM,64.73,65.2,65.54,64.91,66.06
2019-01-07,XOM,65.2,65.54,65.21,64.83,65.06
2019-01-08,XOM,65.54,65.21,64.91,64.86,64.53
2019-01-09,XOM,65.21,64.91,64.83,64.84,64.62
2019-01-10,XOM,64.91,64.83,64.86,65.28,64.91
2019-01-11,XOM,64.83,64.86,64.84,66.06,64.47
2019-01-14,XOM,64.86,64.84,65.28,65.06,64.72
2019-01-15,XOM,64.84,65.28,66.06,64.53,65.43
2019-01-16,XOM,65.28,66.06,65.06,64.62,66.32
2019-01-17,XOM,66.06,65.06,64.53,64.91,68.71
2019-01-18,XOM,65.06,64.53,64.62,64.47,67.72
2019-01-22,XOM,64.53,64.62,64.91,64.72,68.41
2019-01-23,XOM,64.62,64.91,64.47,65.43,68.11
2019-01-24,XOM,64.91,64.47,64.72,66.32,67.59
2019-01-25,XOM,64.47,64.72,65.43,68.71,67.7
2019-01-28,XOM,64.72,65.43,66.32,67.72,67.81
2019-01-29,XOM,65.43,66.32,68.71,68.41,69.0
2019-01-30,XOM,66.32,68.71,67.72,68.11,69.78
2019-01-31,XOM,68.71,67.72,68.41,67.59,69.79
2019-02-01,XOM,67.72,68.41,68.11,67.7,71.11
2019-02-04,XOM,68.41,68.11,67.59,67.81,71.59
2019-02-05,XOM,68.11,67.59,67.7,69.0,71.86
2019-02-06,XOM,67.59,67.7,67.81,69.78,71.21
2019-02-07,XOM,67.7,67.81,69.0,69.79,71.76
2019-02-08,XOM,67.81,69.0,69.78,71.11,71.83
2019-02-11,XOM,69.0,69.78,69.79,71.59,71.98
2019-02-12,XOM,69.78,69.79,71.11,71.86,72.72
2019-02-13,XOM,69.79,71.11,71.59,71.21,72.32
2019-02-14,XOM,71.11,71.59,71.86,71.76,73.21
2019-02-15,XOM,71.59,71.86,71.21,71.83,73.49
2019-02-19,XOM,71.86,71.21,71.76,71.98,73.38
2019-02-20,XOM,71.21,71.76,71.83,72.72,72.55
2019-02-21,XOM,71.76,71.83,71.98,72.32,73.35
2019-02-22,XOM,71.83,71.98,72.72,73.21,72.3
2019-02-25,XOM,71.98,72.72,72.32,73.49,73.01
2019-02-26,XOM,72.72,72.32,73.21,73.38,73.21
2019-02-27,XOM,72.32,73.21,73.49,72.55,73.86
2019-02-28,XOM,73.21,73.49,73.38,73.35,73.61
2019-03-01,XOM,73.49,73.38,72.55,72.3,73.34
2019-03-04,XOM,73.38,72.55,73.35,73.01,74.2
2019-03-05,XOM,72.55,73.35,72.3,73.21,74.0
2019-03-06,XOM,73.35,72.3,73.01,73.86,74.41
2019-03-07,XOM,72.3,73.01,73.21,73.61,74.84
2019-03-08,XOM,73.01,73.21,73.86,73.34,73.65
2019-03-11,XOM,73.21,73.86,73.61,74.2,73.13
2019-03-12,XOM,73.86,73.61,73.34,74.0,74.09
2019-03-13,XOM,73.61,73.34,74.2,74.41,73.52
2019-03-14,XOM,73.34,74.2,74.0,74.84,73.88
2019-03-15,XOM,74.2,74.0,74.41,73.65,73.94
2019-03-18,XOM,74.0,74.41,74.84,73.13,74.79
2019-03-19,XOM,74.41,74.84,73.65,74.09,74.47
2019-03-20,XOM,74.84,73.65,73.13,73.52,74.03
2019-03-21,XOM,73.65,73.13,74.09,73.88,75.08
2019-03-22,XOM,73.13,74.09,73.52,73.94,75.49
2019-03-25,XOM,74.09,73.52,73.88,74.79,75.95
2019-03-26,XOM,73.52,73.88,73.94,74.47,74.97
2019-03-27,XOM,73.88,73.94,74.79,74.03,74.63
2019-03-28,XOM,73.94,74.79,74.47,75.08,74.99
2019-03-29,XOM,74.79,74.47,74.03,75.49,74.05
2019-04-01,XOM,74.47,74.03,75.08,75.95,73.8
2019-04-02,XOM,74.03,75.08,75.49,74.97,74.31
2019-04-03,XOM,75.08,75.49,75.95,74.63,74.52
2019-04-04,XOM,75.49,75.95,74.97,74.99,74.24
2019-04-05,XOM,75.95,74.97,74.63,74.05,75.86
2019-04-08,XOM,74.97,74.63,74.99,73.8,76.3
2019-04-09,XOM,74.63,74.99,74.05,74.31,74.82
2019-04-10,XOM,74.99,74.05,73.8,74.52,75.24
2019-04-11,XOM,74.05,73.8,74.31,74.24,73.66
2019-04-12,XOM,73.8,74.31,74.52,75.86,73.18
2019-04-15,XOM,74.31,74.52,74.24,76.3,73.46
2019-04-16,XOM,74.52,74.24,75.86,74.82,71.99
2019-04-17,XOM,74.24,75.86,76.3,75.24,70.73
2019-04-18,XOM,75.86,76.3,74.82,73.66,70.89
2019-04-22,XOM,76.3,74.82,75.24,73.18,70.58
2019-04-23,XOM,74.82,75.24,73.66,73.46,70.21
2019-04-24,XOM,75.24,73.66,73.18,71.99,70.32
2019-04-25,XOM,73.66,73.18,73.46,70.73,70.25
2019-04-26,XOM,73.18,73.46,71.99,70.89,70.86
2019-04-29,XOM,73.46,71.99,70.73,70.58,70.08
2019-04-30,XOM,71.99,70.73,70.89,70.21,70.17
2019-05-01,XOM,70.73,70.89,70.58,70.32,70.69
2019-05-02,XOM,70.89,70.58,70.21,70.25,70.68
2019-05-03,XOM,70.58,70.21,70.32,70.86,70.26
2019-05-06,XOM,70.21,70.32,70.25,70.08,70.25
2019-05-07,XOM,70.32,70.25,70.86,70.17,70.58
2019-05-08,XOM,70.25,70.86,70.08,70.69,69.94
2019-05-09,XOM,70.86,70.08,70.17,70.68,68.3
2019-05-10,XOM,70.08,70.17,70.69,70.26,68.59
2019-05-13,XOM,70.17,70.69,70.68,70.25,67.21
2019-05-14,XOM,70.69,70.68,70.26,70.58,66.79
2019-05-15,XOM,70.68,70.26,70.25,69.94,66.61
2019-05-16,XOM,70.26,70.25,70.58,68.3,65.5
2019-05-17,XOM,70.25,70.58,69.94,68.59,66.53
2019-05-20,XOM,70.58,69.94,68.3,67.21,68.11
2019-05-21,XOM,69.94,68.3,68.59,66.79,67.55
2019-05-22,XOM,68.3,68.59,67.21,66.61,68.78
2019-05-23,XOM,68.59,67.21,66.79,65.5,69.03
2019-05-24,XOM,67.21,66.79,66.61,66.53,69.33
2019-05-28,XOM,66.79,66.61,65.5,68.11,69.27
2019-05-29,XOM,66.61,65.5,66.53,67.55,68.52
2019-05-30,XOM,65.5,66.53,68.11,68.78,69.12
2019-05-31,XOM,66.53,68.11,67.55,69.03,68.82
2019-06-03,XOM,68.11,67.55,68.78,69.33,69.5
2019-06-04,XOM,67.55,68.78,69.03,69.27,70.1
2019-06-05,XOM,68.78,69.03,69.33,68.52,69.71
2019-06-06,XOM,69.03,69.33,69.27,69.12,70.91
2019-06-07,XOM,69.33,69.27,68.52,68.82,71.91
2019-06-10,XOM,69.27,68.52,69.12,69.5,71.22
2019-06-11,XOM,68.52,69.12,68.82,70.1,70.59
2019-06-12,XOM,69.12,68.82,69.5,69.71,70.9
2019-06-13,XOM,68.82,69.5,70.1,70.91,70.18
2019-06-14,XOM,69.5,70.1,69.71,71.91,70.93
2019-06-17,XOM,70.1,69.71,70.91,71.22,70.86
2019-06-18,XOM,69.71,70.91,71.91,70.59,70.08
2019-06-19,XOM,70.91,71.91,71.22,70.9,70.75
2019-06-20,XOM,71.91,71.22,70.59,70.18,70.46
2019-06-21,XOM,71.22,70.59,70.9,70.93,70.79
2019-06-24,XOM,70.59,70.9,70.18,70.86,70.74
2019-06-25,XOM,70.9,70.18,70.93,70.08,71.74
2019-06-26,XOM,70.18,70.93,70.86,70.75,71.8
2019-06-27,XOM,70.93,70.86,70.08,70.46,71.85
2019-06-28,XOM,70.86,70.08,70.75,70.79,71.34
2019-07-01,XOM,70.08,70.75,70.46,70.74,70.28
2019-07-02,XOM,70.75,70.46,70.79,71.74,69.86
2019-07-03,XOM,70.46,70.79,70.74,71.8,69.27
2019-07-05,XOM,70.79,70.74,71.74,71.85,69.41
2019-07-08,XOM,70.74,71.74,71.8,71.34,69.48
2019-07-09,XOM,71.74,71.8,71.85,70.28,69.76
2019-07-10,XOM,71.8,71.85,71.34,69.86,69.75
2019-07-11,XOM,71.85,71.34,70.28,69.27,69.35
2019-07-12,XOM,71.34,70.28,69.86,69.41,69.24
2019-07-15,XOM,70.28,69.86,69.27,69.48,69.73
2019-07-16,XOM,69.86,69.27,69.41,69.76,69.74
2019-07-17,XOM,69.27,69.41,69.48,69.75,68.83
2019-07-18,XOM,69.41,69.48,69.76,69.35,67.07
2019-07-19,XOM,69.48,69.76,69.75,69.24,66.41
2019-07-22,XOM,69.76,69.75,69.35,69.73,65.05
2019-07-23,XOM,69.75,69.35,69.24,69.74,65.68
2019-07-24,XOM,69.35,69.24,69.73,68.83,65.25
2019-07-25,XOM,69.24,69.73,69.74,67.07,66.99
2019-07-26,XOM,69.73,69.74,68.83,66.41,65.57
2019-07-29,XOM,69.74,68.83,67.07,65.05,65.25
2019-07-30,XOM,68.83,67.07,66.41,65.68,66.06
2019-07-31,XOM,67.07,66.41,65.05,65.25,63.39
2019-08-01,XOM,66.41,65.05,65.68,66.99,63.02
2019-08-02,XOM,65.05,65.68,65.25,65.57,64.0
2019-08-05,XOM,65.68,65.25,66.99,65.25,65.08
2019-08-06,XOM,65.25,66.99,65.57,66.06,64.69
2019-08-07,XOM,66.99,65.57,65.25,63.39,65.33
2019-08-08,XOM,65.57,65.25,66.06,63.02,65.19
2019-08-09,XOM,65.25,66.06,63.39,64.0,63.24
2019-08-12,XOM,66.06,63.39,63.02,65.08,63.58
2019-08-13,XOM,63.39,63.02,64.0,64.69,62.96
2019-08-14,XOM,63.02,64.0,65.08,65.33,63.42
2019-08-15,XOM,64.0,65.08,64.69,65.19,64.12
2019-08-16,XOM,65.08,64.69,65.33,63.24,64.17
2019-08-19,XOM,64.69,65.33,65.19,63.58,64.25
2019-08-20,XOM,65.33,65.19,63.24,62.96,64.93
2019-08-21,XOM,65.19,63.24,63.58,63.42,65.85
2019-08-22,XOM,63.24,63.58,62.96,64.12,66.47
2019-08-23,XOM,63.58,62.96,63.42,64.17,66.99
2019-08-26,XOM,62.96,63.42,64.12,64.25,67.54
2019-08-27,XOM,63.42,64.12,64.17,64.93,67.4
2019-08-28,XOM,64.12,64.17,64.25,65.85,67.45
2019-08-29,XOM,64.17,64.25,64.93,66.47,68.07
2019-08-30,XOM,64.25,64.93,65.85,66.99,69.09
2019-09-03,XOM,64.93,65.85,66.47,67.54,68.57
2019-09-04,XOM,65.85,66.47,66.99,67.4,68.24
2019-09-05,XOM,66.47,66.99,67.54,67.45,67.78
2019-09-06,XOM,66.99,67.54,67.4,68.07,67.55
2019-09-09,XOM,67.54,67.4,67.45,69.09,67.59
2019-09-10,XOM,67.4,67.45,68.07,68.57,66.66
2019-09-11,XOM,67.45,68.07,69.09,68.24,66.86
2019-09-12,XOM,68.07,69.09,68.57,67.78,66.5
2019-09-13,XOM,69.09,68.57,68.24,67.55,66.98
2019-09-16,XOM,68.57,68.24,67.78,67.59,66.17
2019-09-17,XOM,68.24,67.78,67.55,66.66,64.61
2019-09-18,XOM,67.78,67.55,67.59,66.86,62.93
2019-09-19,XOM,67.55,67.59,66.66,66.5,63.7
2019-09-20,XOM,67.59,66.66,66.86,66.98,64.63
2019-09-23,XOM,66.66,66.86,66.5,66.17,63.74
2019-09-24,XOM,66.86,66.5,66.98,64.61,62.5
2019-09-25,XOM,66.5,66.98,66.17,62.93,63.2
2019-09-26,XOM,66.98,66.17,64.61,63.7,63.96
2019-09-27,XOM,66.17,64.61,62.93,64.63,64.64
2019-09-30,XOM,64.61,62.93,63.7,63.74,64.83
2019-10-01,XOM,62.93,63.7,64.63,62.5,65.05
2019-10-02,XOM,63.7,64.63,63.74,63.2,63.94
2019-10-03,XOM,64.63,63.74,62.5,63.96,63.85
2019-10-04,XOM,63.74,62.5,63.2,64.64,63.36
2019-10-07,XOM,62.5,63.2,63.96,64.83,64.42
2019-10-08,XOM,63.2,63.96,64.64,65.05,64.74
2019-10-09,XOM,63.96,64.64,64.83,63.94,65.36
2019-10-10,XOM,64.64,64.83,65.05,63.85,64.74
2019-10-11,XOM,64.83,65.05,63.94,63.36,64.89
2019-10-14,XOM,65.05,63.94,63.85,64.42,64.32
2019-10-15,XOM,63.94,63.85,63.36,64.74,64.13
2019-10-16,XOM,63.85,63.36,64.42,65.36,63.46
2019-10-17,XOM,63.36,64.42,64.74,64.74,63.32
2019-10-18,XOM,64.42,64.74,65.36,64.89,65.22
2019-10-21,XOM,64.74,65.36,64.74,64.32,67.16
2019-10-22,XOM,65.36,64.74,64.89,64.13,68.49
2019-10-23,XOM,64.74,64.89,64.32,63.46,66.99
2019-10-24,XOM,64.89,64.32,64.13,63.32,68.42
2019-10-25,XOM,64.32,64.13,63.46,65.22,67.12
2019-10-28,XOM,64.13,63.46,63.32,67.16,66.71
2019-10-29,XOM,63.46,63.32,65.22,68.49,65.79
2019-10-30,XOM,63.32,65.22,67.16,66.99,65.25
2019-10-31,XOM,65.22,67.16,68.49,68.42,64.96
2019-11-01,XOM,67.16,68.49,66.99,67.12,65.62
2019-11-04,XOM,68.49,66.99,68.42,66.71,64.98
2019-11-05,XOM,66.99,68.42,67.12,65.79,64.32
2019-11-06,XOM,68.42,67.12,66.71,65.25,64.52
2019-11-07,XOM,67.12,66.71,65.79,64.96,66.07
2019-11-08,XOM,66.71,65.79,65.25,65.62,65.79
2019-11-11,XOM,65.79,65.25,64.96,64.98,65.35
2019-11-12,XOM,65.25,64.96,65.62,64.32,65.19
2019-11-13,XOM,64.96,65.62,64.98,64.52,65.15
2019-11-14,XOM,65.62,64.98,64.32,66.07,64.61
2019-11-15,XOM,64.98,64.32,64.52,65.79,64.89
2019-11-18,XOM,64.32,64.52,66.07,65.35,64.38
2019-11-19,XOM,64.52,66.07,65.79,65.19,65.11
2019-11-20,XOM,66.07,65.79,65.35,65.15,64.88
2019-11-21,XOM,65.79,65.35,65.19,64.61,65.92
2019-11-22,XOM,65.35,65.19,65.15,64.89,66.06
2019-11-25,XOM,65.19,65.15,64.61,64.38,65.5
2019-11-26,XOM,65.15,64.61,64.89,65.11,65.4
2019-11-27,XOM,64.61,64.89,64.38,64.88,66.71
2019-11-29,XOM,64.89,64.38,65.11,65.92,65.66
2019-12-02,XOM,64.38,65.11,64.88,66.06,66.39
2019-12-03,XOM,65.11,64.88,65.92,65.5,66.08
2019-12-04,XOM,64.88,65.92,66.06,65.4,66.26
2019-12-05,XOM,65.92,66.06,65.5,66.71,65.81
2019-12-06,XOM,66.06,65.5,65.4,65.66,66.33
2019-12-09,XOM,65.5,65.4,66.71,66.39,66.66
2019-12-10,XOM,65.4,66.71,65.66,66.08,66.41
2019-12-11,XOM,66.71,65.66,66.39,66.26,66.51
2019-12-12,XOM,65.66,66.39,66.08,65.81,66.28
2019-12-13,XOM,66.39,66.08,66.26,66.33,65.89
2019-12-16,XOM,66.08,66.26,65.81,66.66,66.18
2019-12-17,XOM,66.26,65.81,66.33,66.41,67.24
2019-12-18,XOM,65.81,66.33,66.66,66.51,66.7
2019-12-19,XOM,66.33,66.66,66.41,66.28,67.21
2019-12-20,XOM,66.66,66.41,66.51,65.89,66.66
2019-12-23,XOM,66.41,66.51,66.28,66.18,65.66
2019-12-24,XOM,66.51,66.28,65.89,67.24,66.16
2019-12-26,XOM,66.28,65.89,66.18,66.7,65.57
2019-12-27,XOM,65.89,66.18,67.24,67.21,66.2
2019-12-30,XOM,66.18,67.24,66.7,66.66,65.63
2019-12-31,XOM,67.24,66.7,67.21,65.66,65.52
2020-01-02,XOM,66.7,67.21,66.66,66.16,65.27
2020-01-03,XOM,67.21,66.66,65.66,65.57,65.02
2020-01-06,XOM,66.66,65.66,66.16,66.2,64.09
2020-01-07,XOM,65.66,66.16,65.57,65.63,63.72
2020-01-08,XOM,66.16,65.57,66.2,65.52,63.32
2020-01-09,XOM,65.57,66.2,65.63,65.27,62.9
2020-01-10,XOM,66.2,65.63,65.52,65.02,61.4
2020-01-13,XOM,65.63,65.52,65.27,64.09,61.31
2020-01-14,XOM,65.52,65.27,65.02,63.72,60.8
2020-01-15,XOM,65.27,65.02,64.09,63.32,61.45
2020-01-16,XOM,65.02,64.09,63.72,62.9,58.91
2020-01-17,XOM,64.09,63.72,63.32,61.4,57.6
2020-01-21,XOM,63.72,63.32,62.9,61.31,56.87
2020-01-22,XOM,63.32,62.9,61.4,60.8,59.49
2020-01-23,XOM,62.9,61.4,61.31,61.45,58.69
2020-01-24,XOM,61.4,61.31,60.8,58.91,58.3
2020-01-27,XOM,61.31,60.8,61.45,57.6,57.68
2020-01-28,XOM,60.8,61.45,58.91,56.87,58.23
2020-01-29,XOM,61.45,58.91,57.6,59.49,58.94
2020-01-30,XOM,58.91,57.6,56.87,58.69,58.61
2020-01-31,XOM,57.6,56.87,59.49,58.3,58.35
2020-02-03,XOM,56.87,59.49,58.69,57.68,57.6
2020-02-04,XOM,59.49,58.69,58.3,58.23,58.05
2020-02-05,XOM,58.69,58.3,57.68,58.94,57.59
2020-02-06,XOM,58.3,57.68,58.23,58.61,56.88
2020-02-07,XOM,57.68,58.23,58.94,58.35,54.22
2020-02-10,XOM,58.23,58.94,58.61,57.6,52.14
2020-02-11,XOM,58.94,58.61,58.35,58.05,51.0
2020-02-12,XOM,58.61,58.35,57.6,57.59,47.93
2020-02-13,XOM,58.35,57.6,58.05,56.88,49.49
2020-02-14,XOM,57.6,58.05,57.59,54.22,51.83
2020-02-18,XOM,58.05,57.59,56.88,52.14,49.35
2020-02-19,XOM,57.59,56.88,54.22,51.0,50.43
2020-02-20,XOM,56.88,54.22,52.14,47.93,48.21
2020-02-21,XOM,54.22,52.14,51.0,49.49,45.88
2020-02-24,XOM,52.14,51.0,47.93,51.83,40.27
2020-02-25,XOM,51.0,47.93,49.49,49.35,41.76
2020-02-26,XOM,47.93,49.49,51.83,50.43,40.38
2020-02-27,XOM,49.49,51.83,49.35,48.21,35.77
2020-02-28,XOM,51.83,49.35,50.43,45.88,36.67
2020-03-02,XOM,49.35,50.43,48.21,40.27,33.18
2020-03-03,XOM,50.43,48.21,45.88,41.76,35.41
2020-03-04,XOM,48.21,45.88,40.27,40.38,31.86
2020-03-05,XOM,45.88,40.27,41.76,35.77,33.12
2020-03-06,XOM,40.27,41.76,40.38,36.67,31.5
2020-03-09,XOM,41.76,40.38,35.77,33.18,30.25
2020-03-10,XOM,40.38,35.77,36.67,35.41,34.09
2020-03-11,XOM,35.77,36.67,33.18,31.86,35.87
2020-03-12,XOM,36.67,33.18,35.41,33.12,37.34
2020-03-13,XOM,33.18,35.41,31.86,31.5,35.55
2020-03-16,XOM,35.41,31.86,33.12,30.25,36.08
2020-03-17,XOM,31.86,33.12,31.5,34.09,36.53
2020-03-18,XOM,33.12,31.5,30.25,35.87,36.1
2020-03-19,XOM,31.5,30.25,34.09,37.34,38.86
2020-03-20,XOM,30.25,34.09,35.87,35.55,37.72
2020-03-23,XOM,34.09,35.87,37.34,36.08,38.93
2020-03-24,XOM,35.87,37.34,35.55,36.53,39.67
2020-03-25,XOM,37.34,35.55,36.08,36.1,42.18
2020-03-26,XOM,35.55,36.08,36.53,38.86,41.49
2020-03-27,XOM,36.08,36.53,36.1,37.72,41.14
2020-03-30,XOM,36.53,36.1,38.86,38.93,40.82
2020-03-31,XOM,36.1,38.86,37.72,39.67,38.94
2020-04-01,XOM,38.86,37.72,38.93,42.18,37.66
2020-04-02,XOM,37.72,38.93,39.67,41.49,41.58
2020-04-03,XOM,38.93,39.67,42.18,41.14,39.62
2020-04-06,XOM,39.67,42.18,41.49,40.82,39.4
2020-04-07,XOM,42.18,41.49,41.14,38.94,40.53
2020-04-08,XOM,41.49,41.14,40.82,37.66,41.8
2020-04-09,XOM,41.14,40.82,38.94,41.58,42.07
2020-04-13,XOM,40.82,38.94,37.66,39.62,42.27
2020-04-14,XOM,38.94,37.66,41.58,39.4,43.26
2020-04-15,XOM,37.66,41.58,39.62,40.53,45.66
2020-04-16,XOM,41.58,39.62,39.4,41.8,44.7
2020-04-17,XOM,39.62,39.4,40.53,42.07,41.5
2020-04-20,XOM,39.4,40.53,41.8,42.27,43.17
2020-04-21,XOM,40.53,41.8,42.07,43.26,43.13
2020-04-22,XOM,41.8,42.07,42.27,45.66,42.32
2020-04-23,XOM,42.07,42.27,43.26,44.7,42.56
2020-04-24,XOM,42.27,43.26,45.66,41.5,44.43
2020-04-27,XOM,43.26,45.66,44.7,43.17,44.0
2020-04-28,XOM,45.66,44.7,41.5,43.13,43.27
2020-04-29,XOM,44.7,41.5,43.17,42.32,41.12
2020-04-30,XOM,41.5,43.17,43.13,42.56,41.48
2020-05-01,XOM,43.17,43.13,42.32,44.43,41.19
2020-05-04,XOM,43.13,42.32,42.56,44.0,44.46
2020-05-05,XOM,42.32,42.56,44.43,43.27,43.09
2020-05-06,XOM,42.56,44.43,44.0,41.12,44.49
2020-05-07,XOM,44.43,44.0,43.27,41.48,43.7
2020-05-08,XOM,44.0,43.27,41.12,41.19,43.74
2020-05-11,XOM,43.27,41.12,41.48,44.46,45.02
2020-05-12,XOM,41.12,41.48,41.19,43.09,45.35
2020-05-13,XOM,41.48,41.19,44.46,44.49,44.17
2020-05-14,XOM,41.19,44.46,43.09,43.7,44.59
2020-05-15,XOM,44.46,43.09,44.49,43.74,45.38
2020-05-18,XOM,43.09,44.49,43.7,45.02,46.39
2020-05-19,XOM,44.49,43.7,43.74,45.35,48.29
2020-05-20,XOM,43.7,43.74,45.02,44.17,48.15
2020-05-21,XOM,43.74,45.02,45.35,44.59,52.05
2020-05-22,XOM,45.02,45.35,44.17,45.38,53.68
2020-05-26,XOM,45.35,44.17,44.59,46.39,52.48
2020-05-27,XOM,44.17,44.59,45.38,48.29,49.67
2020-05-28,XOM,44.59,45.38,46.39,48.15,45.29
2020-05-29,XOM,45.38,46.39,48.29,52.05,46.26
2020-06-01,XOM,46.39,48.29,48.15,53.68,46.23
2020-06-02,XOM,48.29,48.15,52.05,52.48,47.27
2020-06-03,XOM,48.15,52.05,53.68,49.67,45.73
2020-06-04,XOM,52.05,53.68,52.48,45.29,46.01
2020-06-05,XOM,53.68,52.48,49.67,46.26,45.09
2020-06-08,XOM,52.48,49.67,45.29,46.23,45.52
2020-06-09,XOM,49.67,45.29,46.26,47.27,45.8
2020-06-10,XOM,45.29,46.26,46.23,45.73,43.64
2020-06-11,XOM,46.26,46.23,47.27,46.01,44.3
2020-06-12,XOM,46.23,47.27,45.73,45.09,42.78
2020-06-15,XOM,47.27,45.73,46.01,45.52,43.46
2020-06-16,XOM,45.73,46.01,45.09,45.8,43.85
2020-06-17,XOM,46.01,45.09,45.52,43.64,42.86
2020-06-18,XOM,45.09,45.52,45.8,44.3,43.23
2020-06-19,XOM,45.52,45.8,43.64,42.78,43.53
2020-06-22,XOM,45.8,43.64,44.3,43.46,42.4
2020-06-23,XOM,43.64,44.3,42.78,43.85,42.31
2020-06-24,XOM,44.3,42.78,43.46,42.86,40.56
2020-06-25,XOM,42.78,43.46,43.85,43.23,41.82
2020-06-26,XOM,43.46,43.85,42.86,43.53,41.83
2020-06-29,XOM,43.85,42.86,43.23,42.4,43.22
2020-06-30,XOM,42.86,43.23,43.53,42.31,43.77
2020-07-01,XOM,43.23,43.53,42.4,40.56,43.42
2020-07-02,XOM,43.53,42.4,42.31,41.82,42.68
2020-07-06,XOM,42.4,42.31,40.56,41.83,41.68
2020-07-07,XOM,42.31,40.56,41.82,43.22,43.79
2020-07-08,XOM,40.56,41.82,41.83,43.77,42.77
2020-07-09,XOM,41.82,41.83,43.22,43.42,42.85
2020-07-10,XOM,41.83,43.22,43.77,42.68,42.59
2020-07-13,XOM,43.22,43.77,43.42,41.68,43.22
2020-07-14,XOM,43.77,43.42,42.68,43.79,42.71
2020-07-15,XOM,43.42,42.68,41.68,42.77,43.18
2020-07-16,XOM,42.68,41.68,43.79,42.85,41.06
2020-07-17,XOM,41.68,43.79,42.77,42.59,41.27
2020-07-20,XOM,43.79,42.77,42.85,43.22,41.43
2020-07-21,XOM,42.77,42.85,42.59,42.71,42.63
2020-07-22,XOM,42.85,42.59,43.22,43.18,43.0
2020-07-23,XOM,42.59,43.22,42.71,41.06,42.8
2020-07-24,XOM,43.22,42.71,43.18,41.27,42.6
2020-07-27,XOM,42.71,43.18,41.06,41.43,43.65
2020-07-28,XOM,43.18,41.06,41.27,42.63,44.1
2020-07-29,XOM,41.06,41.27,41.43,43.0,44.09
2020-07-30,XOM,41.27,41.43,42.63,42.8,43.01
2020-07-31,XOM,41.43,42.63,43.0,42.6,43.2
